State,Year,Num_Sightings
AK,1920,0
AK,1921,0
AK,1922,0
AK,1923,0
AK,1924,0
AK,1925,0
AK,1926,0
AK,1927,0
AK,1928,0
AK,1929,0
AK,1930,0
AK,1931,0
AK,1932,0
AK,1933,0
AK,1934,0
AK,1935,0
AK,1936,1
AK,1937,0
AK,1938,0
AK,1939,0
AK,1940,0
AK,1941,0
AK,1942,0
AK,1943,1
AK,1944,0
AK,1945,0
AK,1946,0
AK,1947,0
AK,1948,0
AK,1949,2
AK,1950,0
AK,1951,0
AK,1952,0
AK,1953,0
AK,1954,1
AK,1955,1
AK,1956,0
AK,1957,3
AK,1958,0
AK,1959,0
AK,1960,0
AK,1961,0
AK,1962,1
AK,1963,0
AK,1964,0
AK,1965,0
AK,1966,2
AK,1967,2
AK,1968,3
AK,1969,4
AK,1970,0
AK,1971,0
AK,1972,1
AK,1973,1
AK,1974,2
AK,1975,1
AK,1976,5
AK,1977,1
AK,1978,3
AK,1979,0
AK,1980,1
AK,1981,0
AK,1982,1
AK,1983,1
AK,1984,3
AK,1985,2
AK,1986,3
AK,1987,3
AK,1988,2
AK,1989,2
AK,1990,3
AK,1991,0
AK,1992,0
AK,1993,1
AK,1994,2
AK,1995,9
AK,1996,5
AK,1997,5
AK,1998,14
AK,1999,18
AK,2000,14
AK,2001,16
AK,2002,10
AK,2003,14
AK,2004,10
AK,2005,19
AK,2006,13
AK,2007,8
AK,2008,14
AK,2009,17
AK,2010,15
AK,2011,18
AK,2012,46
AK,2013,53
AK,2014,43
AK,2015,38
AK,2016,43
AK,2017,21
AK,2018,25
AK,2019,20
AK,2020,23
AK,2021,5
AK,2022,10
AK,2023,0
AL,1920,0
AL,1921,0
AL,1922,0
AL,1923,0
AL,1924,0
AL,1925,0
AL,1926,0
AL,1927,0
AL,1928,0
AL,1929,0
AL,1930,0
AL,1931,0
AL,1932,0
AL,1933,0
AL,1934,0
AL,1935,0
AL,1936,0
AL,1937,0
AL,1938,0
AL,1939,1
AL,1940,0
AL,1941,0
AL,1942,0
AL,1943,0
AL,1944,0
AL,1945,0
AL,1946,0
AL,1947,0
AL,1948,0
AL,1949,2
AL,1950,0
AL,1951,1
AL,1952,1
AL,1953,1
AL,1954,0
AL,1955,0
AL,1956,1
AL,1957,0
AL,1958,0
AL,1959,0
AL,1960,0
AL,1961,1
AL,1962,1
AL,1963,0
AL,1964,1
AL,1965,2
AL,1966,2
AL,1967,4
AL,1968,5
AL,1969,3
AL,1970,2
AL,1971,3
AL,1972,6
AL,1973,13
AL,1974,5
AL,1975,5
AL,1976,4
AL,1977,3
AL,1978,6
AL,1979,2
AL,1980,5
AL,1981,1
AL,1982,0
AL,1983,0
AL,1984,4
AL,1985,3
AL,1986,1
AL,1987,3
AL,1988,2
AL,1989,1
AL,1990,0
AL,1991,0
AL,1992,7
AL,1993,3
AL,1994,9
AL,1995,13
AL,1996,8
AL,1997,11
AL,1998,17
AL,1999,31
AL,2000,21
AL,2001,14
AL,2002,19
AL,2003,42
AL,2004,27
AL,2005,39
AL,2006,38
AL,2007,53
AL,2008,51
AL,2009,35
AL,2010,26
AL,2011,41
AL,2012,67
AL,2013,85
AL,2014,129
AL,2015,65
AL,2016,50
AL,2017,63
AL,2018,30
AL,2019,62
AL,2020,60
AL,2021,21
AL,2022,71
AL,2023,0
AR,1920,0
AR,1921,0
AR,1922,0
AR,1923,0
AR,1924,0
AR,1925,0
AR,1926,0
AR,1927,0
AR,1928,0
AR,1929,0
AR,1930,0
AR,1931,0
AR,1932,0
AR,1933,0
AR,1934,0
AR,1935,0
AR,1936,0
AR,1937,0
AR,1938,0
AR,1939,0
AR,1940,0
AR,1941,0
AR,1942,0
AR,1943,0
AR,1944,0
AR,1945,0
AR,1946,0
AR,1947,0
AR,1948,0
AR,1949,0
AR,1950,1
AR,1951,0
AR,1952,1
AR,1953,0
AR,1954,0
AR,1955,2
AR,1956,1
AR,1957,2
AR,1958,0
AR,1959,0
AR,1960,1
AR,1961,0
AR,1962,1
AR,1963,2
AR,1964,1
AR,1965,3
AR,1966,3
AR,1967,6
AR,1968,4
AR,1969,3
AR,1970,1
AR,1971,1
AR,1972,0
AR,1973,5
AR,1974,2
AR,1975,1
AR,1976,2
AR,1977,3
AR,1978,0
AR,1979,4
AR,1980,3
AR,1981,4
AR,1982,3
AR,1983,3
AR,1984,3
AR,1985,5
AR,1986,2
AR,1987,7
AR,1988,4
AR,1989,4
AR,1990,2
AR,1991,4
AR,1992,0
AR,1993,2
AR,1994,5
AR,1995,6
AR,1996,9
AR,1997,11
AR,1998,15
AR,1999,37
AR,2000,41
AR,2001,32
AR,2002,27
AR,2003,55
AR,2004,32
AR,2005,35
AR,2006,31
AR,2007,37
AR,2008,39
AR,2009,27
AR,2010,48
AR,2011,45
AR,2012,58
AR,2013,56
AR,2014,34
AR,2015,43
AR,2016,40
AR,2017,49
AR,2018,39
AR,2019,71
AR,2020,93
AR,2021,46
AR,2022,48
AR,2023,0
AZ,1920,0
AZ,1921,0
AZ,1922,0
AZ,1923,0
AZ,1924,0
AZ,1925,0
AZ,1926,0
AZ,1927,0
AZ,1928,0
AZ,1929,0
AZ,1930,0
AZ,1931,0
AZ,1932,0
AZ,1933,0
AZ,1934,0
AZ,1935,0
AZ,1936,0
AZ,1937,0
AZ,1938,0
AZ,1939,0
AZ,1940,0
AZ,1941,0
AZ,1942,0
AZ,1943,0
AZ,1944,0
AZ,1945,0
AZ,1946,1
AZ,1947,0
AZ,1948,0
AZ,1949,0
AZ,1950,0
AZ,1951,0
AZ,1952,0
AZ,1953,1
AZ,1954,0
AZ,1955,1
AZ,1956,0
AZ,1957,0
AZ,1958,0
AZ,1959,2
AZ,1960,1
AZ,1961,0
AZ,1962,0
AZ,1963,2
AZ,1964,1
AZ,1965,0
AZ,1966,3
AZ,1967,2
AZ,1968,5
AZ,1969,4
AZ,1970,2
AZ,1971,2
AZ,1972,4
AZ,1973,3
AZ,1974,3
AZ,1975,7
AZ,1976,4
AZ,1977,3
AZ,1978,10
AZ,1979,6
AZ,1980,5
AZ,1981,7
AZ,1982,3
AZ,1983,6
AZ,1984,3
AZ,1985,6
AZ,1986,7
AZ,1987,8
AZ,1988,11
AZ,1989,13
AZ,1990,7
AZ,1991,8
AZ,1992,4
AZ,1993,14
AZ,1994,12
AZ,1995,43
AZ,1996,23
AZ,1997,143
AZ,1998,71
AZ,1999,94
AZ,2000,211
AZ,2001,115
AZ,2002,122
AZ,2003,125
AZ,2004,199
AZ,2005,202
AZ,2006,140
AZ,2007,142
AZ,2008,175
AZ,2009,160
AZ,2010,120
AZ,2011,161
AZ,2012,211
AZ,2013,233
AZ,2014,301
AZ,2015,285
AZ,2016,239
AZ,2017,207
AZ,2018,91
AZ,2019,229
AZ,2020,225
AZ,2021,132
AZ,2022,138
AZ,2023,0
CA,1920,0
CA,1921,0
CA,1922,0
CA,1923,0
CA,1924,0
CA,1925,0
CA,1926,0
CA,1927,0
CA,1928,1
CA,1929,0
CA,1930,0
CA,1931,0
CA,1932,0
CA,1933,0
CA,1934,0
CA,1935,0
CA,1936,0
CA,1937,1
CA,1938,0
CA,1939,0
CA,1940,0
CA,1941,1
CA,1942,2
CA,1943,0
CA,1944,1
CA,1945,2
CA,1946,2
CA,1947,7
CA,1948,2
CA,1949,1
CA,1950,3
CA,1951,5
CA,1952,6
CA,1953,5
CA,1954,12
CA,1955,6
CA,1956,7
CA,1957,11
CA,1958,7
CA,1959,11
CA,1960,10
CA,1961,5
CA,1962,6
CA,1963,10
CA,1964,11
CA,1965,22
CA,1966,23
CA,1967,27
CA,1968,30
CA,1969,27
CA,1970,22
CA,1971,23
CA,1972,19
CA,1973,18
CA,1974,33
CA,1975,24
CA,1976,35
CA,1977,43
CA,1978,58
CA,1979,41
CA,1980,35
CA,1981,35
CA,1982,33
CA,1983,20
CA,1984,16
CA,1985,31
CA,1986,27
CA,1987,25
CA,1988,31
CA,1989,32
CA,1990,46
CA,1991,30
CA,1992,37
CA,1993,47
CA,1994,71
CA,1995,201
CA,1996,130
CA,1997,149
CA,1998,228
CA,1999,405
CA,2000,438
CA,2001,377
CA,2002,427
CA,2003,596
CA,2004,564
CA,2005,529
CA,2006,556
CA,2007,584
CA,2008,704
CA,2009,640
CA,2010,601
CA,2011,620
CA,2012,751
CA,2013,725
CA,2014,863
CA,2015,817
CA,2016,577
CA,2017,595
CA,2018,328
CA,2019,508
CA,2020,623
CA,2021,341
CA,2022,396
CA,2023,0
CO,1920,0
CO,1921,0
CO,1922,0
CO,1923,0
CO,1924,0
CO,1925,0
CO,1926,0
CO,1927,0
CO,1928,0
CO,1929,0
CO,1930,0
CO,1931,1
CO,1932,0
CO,1933,0
CO,1934,0
CO,1935,0
CO,1936,0
CO,1937,0
CO,1938,0
CO,1939,0
CO,1940,0
CO,1941,0
CO,1942,0
CO,1943,0
CO,1944,0
CO,1945,0
CO,1946,0
CO,1947,0
CO,1948,0
CO,1949,0
CO,1950,2
CO,1951,0
CO,1952,2
CO,1953,1
CO,1954,2
CO,1955,1
CO,1956,2
CO,1957,3
CO,1958,0
CO,1959,1
CO,1960,0
CO,1961,0
CO,1962,2
CO,1963,2
CO,1964,2
CO,1965,1
CO,1966,1
CO,1967,3
CO,1968,4
CO,1969,5
CO,1970,1
CO,1971,2
CO,1972,2
CO,1973,2
CO,1974,8
CO,1975,5
CO,1976,8
CO,1977,8
CO,1978,3
CO,1979,3
CO,1980,4
CO,1981,6
CO,1982,4
CO,1983,2
CO,1984,0
CO,1985,2
CO,1986,4
CO,1987,5
CO,1988,5
CO,1989,7
CO,1990,4
CO,1991,6
CO,1992,4
CO,1993,8
CO,1994,5
CO,1995,24
CO,1996,18
CO,1997,21
CO,1998,64
CO,1999,72
CO,2000,47
CO,2001,100
CO,2002,70
CO,2003,84
CO,2004,99
CO,2005,79
CO,2006,95
CO,2007,89
CO,2008,99
CO,2009,90
CO,2010,72
CO,2011,120
CO,2012,120
CO,2013,144
CO,2014,200
CO,2015,162
CO,2016,201
CO,2017,162
CO,2018,112
CO,2019,132
CO,2020,220
CO,2021,125
CO,2022,113
CO,2023,0
CT,1920,0
CT,1921,0
CT,1922,0
CT,1923,0
CT,1924,0
CT,1925,0
CT,1926,0
CT,1927,0
CT,1928,0
CT,1929,0
CT,1930,0
CT,1931,0
CT,1932,0
CT,1933,0
CT,1934,0
CT,1935,0
CT,1936,0
CT,1937,0
CT,1938,0
CT,1939,0
CT,1940,0
CT,1941,0
CT,1942,0
CT,1943,0
CT,1944,0
CT,1945,0
CT,1946,0
CT,1947,0
CT,1948,0
CT,1949,1
CT,1950,0
CT,1951,1
CT,1952,0
CT,1953,0
CT,1954,1
CT,1955,0
CT,1956,0
CT,1957,0
CT,1958,1
CT,1959,1
CT,1960,2
CT,1961,1
CT,1962,1
CT,1963,2
CT,1964,2
CT,1965,9
CT,1966,3
CT,1967,5
CT,1968,5
CT,1969,6
CT,1970,3
CT,1971,4
CT,1972,3
CT,1973,3
CT,1974,5
CT,1975,10
CT,1976,8
CT,1977,6
CT,1978,3
CT,1979,1
CT,1980,8
CT,1981,1
CT,1982,3
CT,1983,4
CT,1984,5
CT,1985,8
CT,1986,1
CT,1987,3
CT,1988,5
CT,1989,5
CT,1990,2
CT,1991,3
CT,1992,5
CT,1993,4
CT,1994,4
CT,1995,18
CT,1996,13
CT,1997,12
CT,1998,15
CT,1999,15
CT,2000,23
CT,2001,37
CT,2002,23
CT,2003,35
CT,2004,43
CT,2005,29
CT,2006,31
CT,2007,64
CT,2008,62
CT,2009,69
CT,2010,65
CT,2011,79
CT,2012,156
CT,2013,139
CT,2014,95
CT,2015,85
CT,2016,72
CT,2017,84
CT,2018,110
CT,2019,125
CT,2020,129
CT,2021,76
CT,2022,67
CT,2023,0
Ca,1920,0
Ca,1921,0
Ca,1922,0
Ca,1923,0
Ca,1924,0
Ca,1925,0
Ca,1926,0
Ca,1927,0
Ca,1928,0
Ca,1929,0
Ca,1930,0
Ca,1931,0
Ca,1932,0
Ca,1933,0
Ca,1934,0
Ca,1935,0
Ca,1936,0
Ca,1937,0
Ca,1938,0
Ca,1939,0
Ca,1940,0
Ca,1941,0
Ca,1942,0
Ca,1943,0
Ca,1944,0
Ca,1945,0
Ca,1946,0
Ca,1947,0
Ca,1948,0
Ca,1949,0
Ca,1950,0
Ca,1951,0
Ca,1952,0
Ca,1953,0
Ca,1954,0
Ca,1955,0
Ca,1956,0
Ca,1957,0
Ca,1958,0
Ca,1959,0
Ca,1960,0
Ca,1961,0
Ca,1962,0
Ca,1963,0
Ca,1964,0
Ca,1965,0
Ca,1966,0
Ca,1967,0
Ca,1968,0
Ca,1969,0
Ca,1970,0
Ca,1971,0
Ca,1972,0
Ca,1973,0
Ca,1974,0
Ca,1975,0
Ca,1976,0
Ca,1977,0
Ca,1978,0
Ca,1979,0
Ca,1980,0
Ca,1981,0
Ca,1982,0
Ca,1983,0
Ca,1984,0
Ca,1985,0
Ca,1986,0
Ca,1987,0
Ca,1988,0
Ca,1989,0
Ca,1990,0
Ca,1991,0
Ca,1992,1
Ca,1993,0
Ca,1994,0
Ca,1995,0
Ca,1996,0
Ca,1997,0
Ca,1998,0
Ca,1999,0
Ca,2000,0
Ca,2001,0
Ca,2002,0
Ca,2003,0
Ca,2004,0
Ca,2005,0
Ca,2006,0
Ca,2007,0
Ca,2008,0
Ca,2009,0
Ca,2010,0
Ca,2011,0
Ca,2012,0
Ca,2013,0
Ca,2014,0
Ca,2015,0
Ca,2016,0
Ca,2017,0
Ca,2018,0
Ca,2019,0
Ca,2020,0
Ca,2021,0
Ca,2022,0
Ca,2023,0
DE,1920,0
DE,1921,0
DE,1922,0
DE,1923,0
DE,1924,0
DE,1925,0
DE,1926,0
DE,1927,0
DE,1928,0
DE,1929,0
DE,1930,0
DE,1931,0
DE,1932,0
DE,1933,0
DE,1934,0
DE,1935,0
DE,1936,0
DE,1937,0
DE,1938,0
DE,1939,0
DE,1940,0
DE,1941,0
DE,1942,0
DE,1943,0
DE,1944,0
DE,1945,0
DE,1946,0
DE,1947,0
DE,1948,0
DE,1949,1
DE,1950,0
DE,1951,0
DE,1952,0
DE,1953,0
DE,1954,1
DE,1955,0
DE,1956,0
DE,1957,0
DE,1958,0
DE,1959,0
DE,1960,0
DE,1961,0
DE,1962,0
DE,1963,0
DE,1964,1
DE,1965,0
DE,1966,2
DE,1967,1
DE,1968,1
DE,1969,1
DE,1970,1
DE,1971,0
DE,1972,3
DE,1973,0
DE,1974,1
DE,1975,0
DE,1976,1
DE,1977,0
DE,1978,0
DE,1979,0
DE,1980,1
DE,1981,1
DE,1982,1
DE,1983,0
DE,1984,2
DE,1985,1
DE,1986,0
DE,1987,0
DE,1988,1
DE,1989,1
DE,1990,4
DE,1991,1
DE,1992,0
DE,1993,2
DE,1994,1
DE,1995,2
DE,1996,1
DE,1997,1
DE,1998,2
DE,1999,11
DE,2000,6
DE,2001,4
DE,2002,9
DE,2003,5
DE,2004,8
DE,2005,11
DE,2006,9
DE,2007,15
DE,2008,12
DE,2009,9
DE,2010,13
DE,2011,15
DE,2012,32
DE,2013,12
DE,2014,37
DE,2015,30
DE,2016,20
DE,2017,22
DE,2018,8
DE,2019,16
DE,2020,27
DE,2021,9
DE,2022,21
DE,2023,0
FL,1920,0
FL,1921,0
FL,1922,0
FL,1923,0
FL,1924,0
FL,1925,0
FL,1926,0
FL,1927,0
FL,1928,0
FL,1929,0
FL,1930,0
FL,1931,0
FL,1932,0
FL,1933,0
FL,1934,0
FL,1935,0
FL,1936,0
FL,1937,0
FL,1938,0
FL,1939,0
FL,1940,0
FL,1941,0
FL,1942,0
FL,1943,0
FL,1944,1
FL,1945,1
FL,1946,0
FL,1947,1
FL,1948,0
FL,1949,0
FL,1950,1
FL,1951,1
FL,1952,6
FL,1953,0
FL,1954,1
FL,1955,3
FL,1956,2
FL,1957,1
FL,1958,1
FL,1959,3
FL,1960,1
FL,1961,4
FL,1962,2
FL,1963,3
FL,1964,3
FL,1965,9
FL,1966,10
FL,1967,16
FL,1968,7
FL,1969,12
FL,1970,12
FL,1971,4
FL,1972,10
FL,1973,12
FL,1974,13
FL,1975,20
FL,1976,21
FL,1977,14
FL,1978,12
FL,1979,11
FL,1980,8
FL,1981,11
FL,1982,5
FL,1983,7
FL,1984,7
FL,1985,17
FL,1986,11
FL,1987,13
FL,1988,14
FL,1989,15
FL,1990,11
FL,1991,8
FL,1992,13
FL,1993,10
FL,1994,23
FL,1995,51
FL,1996,46
FL,1997,50
FL,1998,105
FL,1999,107
FL,2000,118
FL,2001,142
FL,2002,151
FL,2003,205
FL,2004,205
FL,2005,242
FL,2006,215
FL,2007,261
FL,2008,300
FL,2009,254
FL,2010,221
FL,2011,338
FL,2012,457
FL,2013,544
FL,2014,641
FL,2015,471
FL,2016,365
FL,2017,333
FL,2018,229
FL,2019,410
FL,2020,401
FL,2021,224
FL,2022,303
FL,2023,0
Fl,1920,0
Fl,1921,0
Fl,1922,0
Fl,1923,0
Fl,1924,0
Fl,1925,0
Fl,1926,0
Fl,1927,0
Fl,1928,0
Fl,1929,0
Fl,1930,0
Fl,1931,0
Fl,1932,0
Fl,1933,0
Fl,1934,0
Fl,1935,0
Fl,1936,0
Fl,1937,0
Fl,1938,0
Fl,1939,0
Fl,1940,0
Fl,1941,0
Fl,1942,0
Fl,1943,0
Fl,1944,0
Fl,1945,0
Fl,1946,0
Fl,1947,0
Fl,1948,0
Fl,1949,0
Fl,1950,0
Fl,1951,0
Fl,1952,0
Fl,1953,0
Fl,1954,0
Fl,1955,0
Fl,1956,0
Fl,1957,0
Fl,1958,0
Fl,1959,0
Fl,1960,0
Fl,1961,0
Fl,1962,0
Fl,1963,0
Fl,1964,0
Fl,1965,0
Fl,1966,0
Fl,1967,0
Fl,1968,0
Fl,1969,0
Fl,1970,0
Fl,1971,0
Fl,1972,0
Fl,1973,0
Fl,1974,0
Fl,1975,0
Fl,1976,0
Fl,1977,0
Fl,1978,0
Fl,1979,0
Fl,1980,0
Fl,1981,0
Fl,1982,0
Fl,1983,0
Fl,1984,0
Fl,1985,0
Fl,1986,0
Fl,1987,0
Fl,1988,0
Fl,1989,0
Fl,1990,0
Fl,1991,0
Fl,1992,0
Fl,1993,0
Fl,1994,0
Fl,1995,0
Fl,1996,4
Fl,1997,0
Fl,1998,0
Fl,1999,0
Fl,2000,0
Fl,2001,0
Fl,2002,0
Fl,2003,0
Fl,2004,0
Fl,2005,0
Fl,2006,0
Fl,2007,0
Fl,2008,0
Fl,2009,0
Fl,2010,0
Fl,2011,0
Fl,2012,0
Fl,2013,0
Fl,2014,0
Fl,2015,0
Fl,2016,0
Fl,2017,0
Fl,2018,1
Fl,2019,0
Fl,2020,0
Fl,2021,0
Fl,2022,0
Fl,2023,0
GA,1920,0
GA,1921,0
GA,1922,0
GA,1923,0
GA,1924,0
GA,1925,0
GA,1926,0
GA,1927,0
GA,1928,0
GA,1929,0
GA,1930,0
GA,1931,0
GA,1932,0
GA,1933,0
GA,1934,0
GA,1935,0
GA,1936,0
GA,1937,0
GA,1938,0
GA,1939,0
GA,1940,0
GA,1941,0
GA,1942,1
GA,1943,0
GA,1944,0
GA,1945,0
GA,1946,0
GA,1947,0
GA,1948,0
GA,1949,0
GA,1950,0
GA,1951,1
GA,1952,0
GA,1953,0
GA,1954,1
GA,1955,0
GA,1956,0
GA,1957,0
GA,1958,3
GA,1959,0
GA,1960,1
GA,1961,2
GA,1962,4
GA,1963,2
GA,1964,5
GA,1965,4
GA,1966,0
GA,1967,5
GA,1968,10
GA,1969,3
GA,1970,1
GA,1971,7
GA,1972,6
GA,1973,7
GA,1974,8
GA,1975,6
GA,1976,6
GA,1977,4
GA,1978,6
GA,1979,7
GA,1980,6
GA,1981,2
GA,1982,1
GA,1983,2
GA,1984,11
GA,1985,5
GA,1986,6
GA,1987,3
GA,1988,3
GA,1989,4
GA,1990,4
GA,1991,8
GA,1992,5
GA,1993,2
GA,1994,5
GA,1995,17
GA,1996,10
GA,1997,16
GA,1998,31
GA,1999,64
GA,2000,44
GA,2001,46
GA,2002,41
GA,2003,66
GA,2004,67
GA,2005,74
GA,2006,77
GA,2007,106
GA,2008,101
GA,2009,84
GA,2010,81
GA,2011,94
GA,2012,126
GA,2013,142
GA,2014,225
GA,2015,139
GA,2016,121
GA,2017,121
GA,2018,73
GA,2019,159
GA,2020,129
GA,2021,80
GA,2022,80
GA,2023,0
HI,1920,0
HI,1921,0
HI,1922,0
HI,1923,0
HI,1924,0
HI,1925,0
HI,1926,0
HI,1927,0
HI,1928,0
HI,1929,0
HI,1930,0
HI,1931,0
HI,1932,0
HI,1933,0
HI,1934,0
HI,1935,0
HI,1936,0
HI,1937,0
HI,1938,0
HI,1939,0
HI,1940,0
HI,1941,0
HI,1942,0
HI,1943,0
HI,1944,0
HI,1945,0
HI,1946,0
HI,1947,0
HI,1948,0
HI,1949,0
HI,1950,0
HI,1951,0
HI,1952,0
HI,1953,0
HI,1954,0
HI,1955,0
HI,1956,0
HI,1957,0
HI,1958,0
HI,1959,0
HI,1960,1
HI,1961,0
HI,1962,0
HI,1963,0
HI,1964,0
HI,1965,0
HI,1966,1
HI,1967,2
HI,1968,1
HI,1969,2
HI,1970,4
HI,1971,1
HI,1972,1
HI,1973,3
HI,1974,0
HI,1975,0
HI,1976,0
HI,1977,2
HI,1978,1
HI,1979,1
HI,1980,2
HI,1981,0
HI,1982,0
HI,1983,3
HI,1984,1
HI,1985,3
HI,1986,1
HI,1987,0
HI,1988,1
HI,1989,2
HI,1990,1
HI,1991,1
HI,1992,2
HI,1993,6
HI,1994,4
HI,1995,5
HI,1996,0
HI,1997,5
HI,1998,6
HI,1999,11
HI,2000,13
HI,2001,13
HI,2002,15
HI,2003,12
HI,2004,18
HI,2005,17
HI,2006,11
HI,2007,22
HI,2008,17
HI,2009,19
HI,2010,30
HI,2011,21
HI,2012,35
HI,2013,53
HI,2014,68
HI,2015,27
HI,2016,29
HI,2017,15
HI,2018,12
HI,2019,48
HI,2020,46
HI,2021,9
HI,2022,18
HI,2023,0
IA,1920,0
IA,1921,0
IA,1922,0
IA,1923,0
IA,1924,0
IA,1925,0
IA,1926,0
IA,1927,0
IA,1928,0
IA,1929,0
IA,1930,0
IA,1931,0
IA,1932,0
IA,1933,0
IA,1934,0
IA,1935,0
IA,1936,0
IA,1937,0
IA,1938,0
IA,1939,1
IA,1940,0
IA,1941,0
IA,1942,0
IA,1943,0
IA,1944,0
IA,1945,0
IA,1946,0
IA,1947,0
IA,1948,0
IA,1949,0
IA,1950,0
IA,1951,0
IA,1952,0
IA,1953,1
IA,1954,1
IA,1955,0
IA,1956,0
IA,1957,2
IA,1958,1
IA,1959,0
IA,1960,1
IA,1961,0
IA,1962,0
IA,1963,0
IA,1964,0
IA,1965,3
IA,1966,5
IA,1967,2
IA,1968,5
IA,1969,1
IA,1970,1
IA,1971,3
IA,1972,1
IA,1973,4
IA,1974,2
IA,1975,4
IA,1976,3
IA,1977,2
IA,1978,3
IA,1979,2
IA,1980,3
IA,1981,2
IA,1982,1
IA,1983,3
IA,1984,2
IA,1985,1
IA,1986,4
IA,1987,1
IA,1988,0
IA,1989,4
IA,1990,2
IA,1991,1
IA,1992,3
IA,1993,2
IA,1994,6
IA,1995,6
IA,1996,4
IA,1997,4
IA,1998,17
IA,1999,26
IA,2000,29
IA,2001,30
IA,2002,25
IA,2003,32
IA,2004,37
IA,2005,44
IA,2006,26
IA,2007,51
IA,2008,34
IA,2009,42
IA,2010,50
IA,2011,45
IA,2012,99
IA,2013,81
IA,2014,69
IA,2015,48
IA,2016,41
IA,2017,45
IA,2018,33
IA,2019,43
IA,2020,72
IA,2021,23
IA,2022,28
IA,2023,0
ID,1920,0
ID,1921,0
ID,1922,0
ID,1923,0
ID,1924,0
ID,1925,0
ID,1926,0
ID,1927,0
ID,1928,0
ID,1929,0
ID,1930,0
ID,1931,0
ID,1932,1
ID,1933,0
ID,1934,0
ID,1935,0
ID,1936,0
ID,1937,0
ID,1938,0
ID,1939,0
ID,1940,0
ID,1941,0
ID,1942,0
ID,1943,0
ID,1944,0
ID,1945,0
ID,1946,0
ID,1947,1
ID,1948,0
ID,1949,0
ID,1950,1
ID,1951,0
ID,1952,0
ID,1953,0
ID,1954,0
ID,1955,0
ID,1956,0
ID,1957,2
ID,1958,0
ID,1959,0
ID,1960,0
ID,1961,1
ID,1962,0
ID,1963,0
ID,1964,0
ID,1965,0
ID,1966,0
ID,1967,3
ID,1968,1
ID,1969,0
ID,1970,0
ID,1971,0
ID,1972,1
ID,1973,1
ID,1974,2
ID,1975,3
ID,1976,2
ID,1977,2
ID,1978,4
ID,1979,0
ID,1980,2
ID,1981,2
ID,1982,1
ID,1983,4
ID,1984,2
ID,1985,0
ID,1986,1
ID,1987,0
ID,1988,0
ID,1989,4
ID,1990,1
ID,1991,5
ID,1992,7
ID,1993,1
ID,1994,6
ID,1995,10
ID,1996,12
ID,1997,7
ID,1998,14
ID,1999,23
ID,2000,19
ID,2001,27
ID,2002,20
ID,2003,27
ID,2004,21
ID,2005,31
ID,2006,35
ID,2007,18
ID,2008,25
ID,2009,24
ID,2010,32
ID,2011,43
ID,2012,56
ID,2013,103
ID,2014,89
ID,2015,96
ID,2016,74
ID,2017,50
ID,2018,45
ID,2019,104
ID,2020,126
ID,2021,57
ID,2022,46
ID,2023,0
IL,1920,0
IL,1921,0
IL,1922,0
IL,1923,0
IL,1924,0
IL,1925,1
IL,1926,0
IL,1927,0
IL,1928,0
IL,1929,0
IL,1930,0
IL,1931,0
IL,1932,0
IL,1933,0
IL,1934,0
IL,1935,0
IL,1936,0
IL,1937,0
IL,1938,0
IL,1939,0
IL,1940,0
IL,1941,0
IL,1942,0
IL,1943,0
IL,1944,0
IL,1945,0
IL,1946,0
IL,1947,2
IL,1948,0
IL,1949,0
IL,1950,0
IL,1951,0
IL,1952,3
IL,1953,1
IL,1954,2
IL,1955,1
IL,1956,0
IL,1957,0
IL,1958,2
IL,1959,2
IL,1960,2
IL,1961,3
IL,1962,6
IL,1963,5
IL,1964,10
IL,1965,7
IL,1966,9
IL,1967,5
IL,1968,6
IL,1969,8
IL,1970,9
IL,1971,1
IL,1972,10
IL,1973,3
IL,1974,11
IL,1975,12
IL,1976,8
IL,1977,13
IL,1978,9
IL,1979,14
IL,1980,9
IL,1981,4
IL,1982,7
IL,1983,5
IL,1984,4
IL,1985,4
IL,1986,3
IL,1987,10
IL,1988,8
IL,1989,12
IL,1990,8
IL,1991,6
IL,1992,14
IL,1993,3
IL,1994,4
IL,1995,35
IL,1996,20
IL,1997,55
IL,1998,64
IL,1999,111
IL,2000,94
IL,2001,137
IL,2002,97
IL,2003,92
IL,2004,217
IL,2005,207
IL,2006,141
IL,2007,179
IL,2008,166
IL,2009,139
IL,2010,208
IL,2011,219
IL,2012,271
IL,2013,172
IL,2014,171
IL,2015,182
IL,2016,154
IL,2017,93
IL,2018,104
IL,2019,164
IL,2020,168
IL,2021,73
IL,2022,95
IL,2023,0
IN,1920,0
IN,1921,0
IN,1922,0
IN,1923,0
IN,1924,0
IN,1925,0
IN,1926,0
IN,1927,0
IN,1928,0
IN,1929,0
IN,1930,0
IN,1931,0
IN,1932,0
IN,1933,0
IN,1934,0
IN,1935,0
IN,1936,0
IN,1937,0
IN,1938,0
IN,1939,0
IN,1940,1
IN,1941,0
IN,1942,0
IN,1943,0
IN,1944,0
IN,1945,0
IN,1946,0
IN,1947,0
IN,1948,2
IN,1949,0
IN,1950,0
IN,1951,0
IN,1952,1
IN,1953,2
IN,1954,4
IN,1955,0
IN,1956,1
IN,1957,3
IN,1958,1
IN,1959,3
IN,1960,2
IN,1961,1
IN,1962,0
IN,1963,2
IN,1964,1
IN,1965,7
IN,1966,9
IN,1967,1
IN,1968,3
IN,1969,3
IN,1970,6
IN,1971,5
IN,1972,5
IN,1973,14
IN,1974,11
IN,1975,11
IN,1976,6
IN,1977,17
IN,1978,8
IN,1979,6
IN,1980,5
IN,1981,2
IN,1982,3
IN,1983,7
IN,1984,3
IN,1985,3
IN,1986,4
IN,1987,5
IN,1988,3
IN,1989,3
IN,1990,8
IN,1991,6
IN,1992,1
IN,1993,10
IN,1994,9
IN,1995,14
IN,1996,10
IN,1997,20
IN,1998,32
IN,1999,53
IN,2000,39
IN,2001,38
IN,2002,47
IN,2003,81
IN,2004,104
IN,2005,84
IN,2006,64
IN,2007,82
IN,2008,125
IN,2009,76
IN,2010,98
IN,2011,96
IN,2012,146
IN,2013,143
IN,2014,155
IN,2015,81
IN,2016,84
IN,2017,57
IN,2018,92
IN,2019,180
IN,2020,197
IN,2021,90
IN,2022,87
IN,2023,0
KS,1920,0
KS,1921,0
KS,1922,0
KS,1923,0
KS,1924,0
KS,1925,0
KS,1926,0
KS,1927,0
KS,1928,0
KS,1929,0
KS,1930,0
KS,1931,1
KS,1932,0
KS,1933,0
KS,1934,0
KS,1935,0
KS,1936,0
KS,1937,0
KS,1938,0
KS,1939,0
KS,1940,0
KS,1941,0
KS,1942,0
KS,1943,0
KS,1944,0
KS,1945,0
KS,1946,0
KS,1947,0
KS,1948,0
KS,1949,0
KS,1950,0
KS,1951,1
KS,1952,0
KS,1953,0
KS,1954,1
KS,1955,0
KS,1956,2
KS,1957,0
KS,1958,2
KS,1959,0
KS,1960,3
KS,1961,0
KS,1962,1
KS,1963,1
KS,1964,1
KS,1965,4
KS,1966,0
KS,1967,8
KS,1968,2
KS,1969,1
KS,1970,0
KS,1971,2
KS,1972,6
KS,1973,3
KS,1974,5
KS,1975,4
KS,1976,3
KS,1977,1
KS,1978,3
KS,1979,0
KS,1980,2
KS,1981,1
KS,1982,3
KS,1983,2
KS,1984,0
KS,1985,4
KS,1986,1
KS,1987,7
KS,1988,1
KS,1989,2
KS,1990,1
KS,1991,3
KS,1992,1
KS,1993,3
KS,1994,4
KS,1995,12
KS,1996,8
KS,1997,7
KS,1998,17
KS,1999,30
KS,2000,26
KS,2001,32
KS,2002,25
KS,2003,24
KS,2004,33
KS,2005,44
KS,2006,38
KS,2007,45
KS,2008,28
KS,2009,42
KS,2010,51
KS,2011,43
KS,2012,60
KS,2013,54
KS,2014,69
KS,2015,46
KS,2016,47
KS,2017,51
KS,2018,30
KS,2019,41
KS,2020,72
KS,2021,24
KS,2022,30
KS,2023,0
KY,1920,0
KY,1921,0
KY,1922,0
KY,1923,0
KY,1924,0
KY,1925,0
KY,1926,0
KY,1927,0
KY,1928,0
KY,1929,0
KY,1930,0
KY,1931,0
KY,1932,0
KY,1933,0
KY,1934,0
KY,1935,0
KY,1936,0
KY,1937,0
KY,1938,0
KY,1939,0
KY,1940,0
KY,1941,0
KY,1942,0
KY,1943,1
KY,1944,0
KY,1945,0
KY,1946,0
KY,1947,0
KY,1948,0
KY,1949,0
KY,1950,2
KY,1951,0
KY,1952,0
KY,1953,1
KY,1954,0
KY,1955,1
KY,1956,1
KY,1957,1
KY,1958,1
KY,1959,1
KY,1960,1
KY,1961,0
KY,1962,1
KY,1963,1
KY,1964,3
KY,1965,3
KY,1966,2
KY,1967,6
KY,1968,7
KY,1969,2
KY,1970,2
KY,1971,0
KY,1972,3
KY,1973,4
KY,1974,11
KY,1975,8
KY,1976,10
KY,1977,11
KY,1978,3
KY,1979,5
KY,1980,4
KY,1981,5
KY,1982,4
KY,1983,0
KY,1984,7
KY,1985,1
KY,1986,11
KY,1987,4
KY,1988,5
KY,1989,3
KY,1990,2
KY,1991,7
KY,1992,4
KY,1993,7
KY,1994,9
KY,1995,14
KY,1996,7
KY,1997,14
KY,1998,14
KY,1999,32
KY,2000,25
KY,2001,36
KY,2002,28
KY,2003,42
KY,2004,43
KY,2005,58
KY,2006,48
KY,2007,57
KY,2008,70
KY,2009,59
KY,2010,51
KY,2011,84
KY,2012,64
KY,2013,96
KY,2014,91
KY,2015,71
KY,2016,54
KY,2017,66
KY,2018,47
KY,2019,75
KY,2020,88
KY,2021,44
KY,2022,54
KY,2023,0
LA,1920,0
LA,1921,0
LA,1922,0
LA,1923,0
LA,1924,0
LA,1925,0
LA,1926,0
LA,1927,0
LA,1928,0
LA,1929,0
LA,1930,0
LA,1931,0
LA,1932,0
LA,1933,0
LA,1934,0
LA,1935,0
LA,1936,0
LA,1937,0
LA,1938,0
LA,1939,0
LA,1940,0
LA,1941,0
LA,1942,0
LA,1943,2
LA,1944,0
LA,1945,1
LA,1946,0
LA,1947,0
LA,1948,0
LA,1949,0
LA,1950,0
LA,1951,0
LA,1952,1
LA,1953,2
LA,1954,0
LA,1955,1
LA,1956,0
LA,1957,1
LA,1958,1
LA,1959,0
LA,1960,0
LA,1961,0
LA,1962,1
LA,1963,0
LA,1964,2
LA,1965,3
LA,1966,0
LA,1967,4
LA,1968,3
LA,1969,3
LA,1970,0
LA,1971,1
LA,1972,2
LA,1973,4
LA,1974,10
LA,1975,3
LA,1976,4
LA,1977,5
LA,1978,6
LA,1979,7
LA,1980,3
LA,1981,3
LA,1982,4
LA,1983,2
LA,1984,2
LA,1985,4
LA,1986,2
LA,1987,1
LA,1988,6
LA,1989,5
LA,1990,4
LA,1991,0
LA,1992,2
LA,1993,4
LA,1994,3
LA,1995,7
LA,1996,8
LA,1997,8
LA,1998,12
LA,1999,23
LA,2000,21
LA,2001,16
LA,2002,22
LA,2003,30
LA,2004,45
LA,2005,30
LA,2006,28
LA,2007,25
LA,2008,46
LA,2009,55
LA,2010,28
LA,2011,32
LA,2012,46
LA,2013,50
LA,2014,110
LA,2015,60
LA,2016,48
LA,2017,33
LA,2018,26
LA,2019,46
LA,2020,43
LA,2021,23
LA,2022,30
LA,2023,0
MA,1920,0
MA,1921,0
MA,1922,0
MA,1923,0
MA,1924,0
MA,1925,0
MA,1926,0
MA,1927,0
MA,1928,0
MA,1929,1
MA,1930,0
MA,1931,0
MA,1932,0
MA,1933,0
MA,1934,0
MA,1935,0
MA,1936,0
MA,1937,0
MA,1938,0
MA,1939,1
MA,1940,0
MA,1941,0
MA,1942,0
MA,1943,0
MA,1944,0
MA,1945,0
MA,1946,0
MA,1947,0
MA,1948,0
MA,1949,0
MA,1950,0
MA,1951,0
MA,1952,0
MA,1953,2
MA,1954,0
MA,1955,1
MA,1956,2
MA,1957,4
MA,1958,1
MA,1959,3
MA,1960,3
MA,1961,1
MA,1962,1
MA,1963,4
MA,1964,5
MA,1965,8
MA,1966,4
MA,1967,3
MA,1968,9
MA,1969,3
MA,1970,5
MA,1971,6
MA,1972,3
MA,1973,3
MA,1974,8
MA,1975,9
MA,1976,10
MA,1977,6
MA,1978,17
MA,1979,6
MA,1980,6
MA,1981,8
MA,1982,8
MA,1983,5
MA,1984,3
MA,1985,3
MA,1986,4
MA,1987,8
MA,1988,5
MA,1989,3
MA,1990,8
MA,1991,5
MA,1992,6
MA,1993,6
MA,1994,10
MA,1995,21
MA,1996,11
MA,1997,18
MA,1998,26
MA,1999,28
MA,2000,42
MA,2001,42
MA,2002,50
MA,2003,64
MA,2004,64
MA,2005,61
MA,2006,59
MA,2007,68
MA,2008,75
MA,2009,78
MA,2010,106
MA,2011,105
MA,2012,159
MA,2013,195
MA,2014,201
MA,2015,148
MA,2016,115
MA,2017,98
MA,2018,70
MA,2019,116
MA,2020,140
MA,2021,71
MA,2022,92
MA,2023,0
MD,1920,0
MD,1921,0
MD,1922,0
MD,1923,0
MD,1924,0
MD,1925,0
MD,1926,0
MD,1927,0
MD,1928,0
MD,1929,0
MD,1930,0
MD,1931,0
MD,1932,0
MD,1933,0
MD,1934,0
MD,1935,0
MD,1936,0
MD,1937,0
MD,1938,0
MD,1939,0
MD,1940,0
MD,1941,0
MD,1942,0
MD,1943,0
MD,1944,0
MD,1945,0
MD,1946,1
MD,1947,1
MD,1948,2
MD,1949,1
MD,1950,1
MD,1951,0
MD,1952,1
MD,1953,1
MD,1954,0
MD,1955,0
MD,1956,2
MD,1957,2
MD,1958,2
MD,1959,0
MD,1960,1
MD,1961,1
MD,1962,0
MD,1963,3
MD,1964,2
MD,1965,2
MD,1966,4
MD,1967,2
MD,1968,5
MD,1969,2
MD,1970,3
MD,1971,1
MD,1972,1
MD,1973,8
MD,1974,4
MD,1975,8
MD,1976,2
MD,1977,8
MD,1978,1
MD,1979,5
MD,1980,3
MD,1981,1
MD,1982,1
MD,1983,0
MD,1984,1
MD,1985,1
MD,1986,3
MD,1987,1
MD,1988,2
MD,1989,5
MD,1990,8
MD,1991,2
MD,1992,3
MD,1993,7
MD,1994,4
MD,1995,10
MD,1996,18
MD,1997,13
MD,1998,14
MD,1999,30
MD,2000,27
MD,2001,37
MD,2002,50
MD,2003,36
MD,2004,44
MD,2005,40
MD,2006,32
MD,2007,43
MD,2008,65
MD,2009,43
MD,2010,50
MD,2011,73
MD,2012,111
MD,2013,114
MD,2014,148
MD,2015,114
MD,2016,98
MD,2017,93
MD,2018,52
MD,2019,70
MD,2020,82
MD,2021,42
MD,2022,57
MD,2023,0
ME,1920,0
ME,1921,0
ME,1922,0
ME,1923,0
ME,1924,0
ME,1925,0
ME,1926,0
ME,1927,0
ME,1928,0
ME,1929,0
ME,1930,0
ME,1931,0
ME,1932,0
ME,1933,0
ME,1934,0
ME,1935,0
ME,1936,0
ME,1937,0
ME,1938,0
ME,1939,0
ME,1940,0
ME,1941,0
ME,1942,0
ME,1943,0
ME,1944,0
ME,1945,0
ME,1946,1
ME,1947,0
ME,1948,0
ME,1949,0
ME,1950,0
ME,1951,0
ME,1952,1
ME,1953,0
ME,1954,1
ME,1955,0
ME,1956,0
ME,1957,1
ME,1958,2
ME,1959,1
ME,1960,1
ME,1961,0
ME,1962,0
ME,1963,1
ME,1964,1
ME,1965,2
ME,1966,3
ME,1967,4
ME,1968,3
ME,1969,1
ME,1970,0
ME,1971,2
ME,1972,2
ME,1973,4
ME,1974,5
ME,1975,3
ME,1976,6
ME,1977,2
ME,1978,3
ME,1979,3
ME,1980,4
ME,1981,1
ME,1982,2
ME,1983,0
ME,1984,4
ME,1985,0
ME,1986,0
ME,1987,2
ME,1988,4
ME,1989,4
ME,1990,3
ME,1991,2
ME,1992,6
ME,1993,3
ME,1994,7
ME,1995,18
ME,1996,7
ME,1997,10
ME,1998,19
ME,1999,16
ME,2000,21
ME,2001,21
ME,2002,29
ME,2003,35
ME,2004,17
ME,2005,25
ME,2006,25
ME,2007,28
ME,2008,28
ME,2009,42
ME,2010,29
ME,2011,42
ME,2012,103
ME,2013,81
ME,2014,52
ME,2015,57
ME,2016,70
ME,2017,36
ME,2018,26
ME,2019,56
ME,2020,76
ME,2021,32
ME,2022,38
ME,2023,0
MI,1920,0
MI,1921,0
MI,1922,0
MI,1923,0
MI,1924,0
MI,1925,0
MI,1926,0
MI,1927,0
MI,1928,0
MI,1929,0
MI,1930,0
MI,1931,0
MI,1932,0
MI,1933,0
MI,1934,0
MI,1935,0
MI,1936,1
MI,1937,0
MI,1938,0
MI,1939,0
MI,1940,0
MI,1941,1
MI,1942,0
MI,1943,0
MI,1944,0
MI,1945,0
MI,1946,0
MI,1947,2
MI,1948,0
MI,1949,0
MI,1950,1
MI,1951,0
MI,1952,2
MI,1953,0
MI,1954,2
MI,1955,1
MI,1956,0
MI,1957,3
MI,1958,1
MI,1959,1
MI,1960,1
MI,1961,0
MI,1962,4
MI,1963,2
MI,1964,6
MI,1965,6
MI,1966,18
MI,1967,3
MI,1968,5
MI,1969,4
MI,1970,8
MI,1971,4
MI,1972,2
MI,1973,3
MI,1974,12
MI,1975,10
MI,1976,11
MI,1977,12
MI,1978,24
MI,1979,13
MI,1980,13
MI,1981,4
MI,1982,7
MI,1983,13
MI,1984,7
MI,1985,4
MI,1986,7
MI,1987,5
MI,1988,7
MI,1989,3
MI,1990,11
MI,1991,17
MI,1992,4
MI,1993,7
MI,1994,30
MI,1995,56
MI,1996,30
MI,1997,46
MI,1998,56
MI,1999,91
MI,2000,74
MI,2001,79
MI,2002,83
MI,2003,93
MI,2004,80
MI,2005,92
MI,2006,109
MI,2007,136
MI,2008,141
MI,2009,125
MI,2010,124
MI,2011,161
MI,2012,234
MI,2013,188
MI,2014,180
MI,2015,187
MI,2016,136
MI,2017,133
MI,2018,62
MI,2019,136
MI,2020,181
MI,2021,62
MI,2022,94
MI,2023,0
MN,1920,0
MN,1921,0
MN,1922,0
MN,1923,0
MN,1924,0
MN,1925,0
MN,1926,0
MN,1927,0
MN,1928,0
MN,1929,0
MN,1930,0
MN,1931,0
MN,1932,1
MN,1933,0
MN,1934,0
MN,1935,0
MN,1936,0
MN,1937,1
MN,1938,0
MN,1939,0
MN,1940,0
MN,1941,0
MN,1942,0
MN,1943,0
MN,1944,0
MN,1945,0
MN,1946,0
MN,1947,2
MN,1948,0
MN,1949,1
MN,1950,1
MN,1951,0
MN,1952,1
MN,1953,0
MN,1954,0
MN,1955,1
MN,1956,1
MN,1957,2
MN,1958,1
MN,1959,2
MN,1960,3
MN,1961,0
MN,1962,0
MN,1963,3
MN,1964,1
MN,1965,1
MN,1966,1
MN,1967,4
MN,1968,6
MN,1969,3
MN,1970,1
MN,1971,1
MN,1972,1
MN,1973,1
MN,1974,5
MN,1975,9
MN,1976,9
MN,1977,3
MN,1978,5
MN,1979,4
MN,1980,7
MN,1981,4
MN,1982,2
MN,1983,4
MN,1984,3
MN,1985,2
MN,1986,1
MN,1987,5
MN,1988,5
MN,1989,1
MN,1990,4
MN,1991,4
MN,1992,6
MN,1993,5
MN,1994,2
MN,1995,8
MN,1996,15
MN,1997,27
MN,1998,17
MN,1999,35
MN,2000,42
MN,2001,53
MN,2002,28
MN,2003,44
MN,2004,75
MN,2005,75
MN,2006,58
MN,2007,52
MN,2008,55
MN,2009,64
MN,2010,59
MN,2011,80
MN,2012,145
MN,2013,124
MN,2014,102
MN,2015,150
MN,2016,85
MN,2017,83
MN,2018,51
MN,2019,126
MN,2020,120
MN,2021,46
MN,2022,68
MN,2023,0
MO,1920,0
MO,1921,0
MO,1922,0
MO,1923,0
MO,1924,0
MO,1925,0
MO,1926,0
MO,1927,0
MO,1928,0
MO,1929,0
MO,1930,1
MO,1931,0
MO,1932,0
MO,1933,0
MO,1934,0
MO,1935,0
MO,1936,0
MO,1937,0
MO,1938,0
MO,1939,0
MO,1940,0
MO,1941,0
MO,1942,0
MO,1943,0
MO,1944,0
MO,1945,0
MO,1946,0
MO,1947,1
MO,1948,0
MO,1949,0
MO,1950,1
MO,1951,0
MO,1952,1
MO,1953,1
MO,1954,1
MO,1955,2
MO,1956,2
MO,1957,1
MO,1958,0
MO,1959,0
MO,1960,0
MO,1961,1
MO,1962,2
MO,1963,6
MO,1964,2
MO,1965,7
MO,1966,4
MO,1967,3
MO,1968,3
MO,1969,2
MO,1970,4
MO,1971,4
MO,1972,3
MO,1973,5
MO,1974,6
MO,1975,3
MO,1976,6
MO,1977,6
MO,1978,10
MO,1979,6
MO,1980,8
MO,1981,6
MO,1982,4
MO,1983,4
MO,1984,8
MO,1985,7
MO,1986,3
MO,1987,9
MO,1988,8
MO,1989,8
MO,1990,3
MO,1991,6
MO,1992,4
MO,1993,4
MO,1994,11
MO,1995,23
MO,1996,21
MO,1997,60
MO,1998,38
MO,1999,80
MO,2000,57
MO,2001,71
MO,2002,56
MO,2003,62
MO,2004,80
MO,2005,76
MO,2006,71
MO,2007,110
MO,2008,104
MO,2009,88
MO,2010,117
MO,2011,139
MO,2012,176
MO,2013,111
MO,2014,143
MO,2015,100
MO,2016,111
MO,2017,112
MO,2018,60
MO,2019,122
MO,2020,131
MO,2021,78
MO,2022,83
MO,2023,0
MS,1920,0
MS,1921,0
MS,1922,0
MS,1923,0
MS,1924,0
MS,1925,0
MS,1926,0
MS,1927,0
MS,1928,0
MS,1929,0
MS,1930,0
MS,1931,0
MS,1932,0
MS,1933,0
MS,1934,0
MS,1935,0
MS,1936,0
MS,1937,0
MS,1938,0
MS,1939,0
MS,1940,0
MS,1941,0
MS,1942,0
MS,1943,0
MS,1944,0
MS,1945,0
MS,1946,0
MS,1947,0
MS,1948,0
MS,1949,1
MS,1950,3
MS,1951,2
MS,1952,1
MS,1953,0
MS,1954,0
MS,1955,0
MS,1956,0
MS,1957,0
MS,1958,1
MS,1959,0
MS,1960,0
MS,1961,0
MS,1962,0
MS,1963,4
MS,1964,0
MS,1965,1
MS,1966,1
MS,1967,1
MS,1968,2
MS,1969,4
MS,1970,1
MS,1971,1
MS,1972,2
MS,1973,3
MS,1974,5
MS,1975,6
MS,1976,4
MS,1977,10
MS,1978,6
MS,1979,5
MS,1980,0
MS,1981,1
MS,1982,2
MS,1983,1
MS,1984,1
MS,1985,0
MS,1986,1
MS,1987,3
MS,1988,4
MS,1989,6
MS,1990,0
MS,1991,2
MS,1992,3
MS,1993,5
MS,1994,5
MS,1995,9
MS,1996,1
MS,1997,6
MS,1998,7
MS,1999,19
MS,2000,16
MS,2001,25
MS,2002,11
MS,2003,16
MS,2004,23
MS,2005,21
MS,2006,21
MS,2007,25
MS,2008,24
MS,2009,29
MS,2010,20
MS,2011,23
MS,2012,43
MS,2013,39
MS,2014,44
MS,2015,41
MS,2016,31
MS,2017,24
MS,2018,23
MS,2019,33
MS,2020,27
MS,2021,17
MS,2022,21
MS,2023,0
MT,1920,0
MT,1921,0
MT,1922,0
MT,1923,0
MT,1924,0
MT,1925,0
MT,1926,0
MT,1927,0
MT,1928,0
MT,1929,0
MT,1930,0
MT,1931,0
MT,1932,0
MT,1933,0
MT,1934,0
MT,1935,0
MT,1936,0
MT,1937,0
MT,1938,0
MT,1939,0
MT,1940,0
MT,1941,0
MT,1942,0
MT,1943,0
MT,1944,0
MT,1945,0
MT,1946,0
MT,1947,0
MT,1948,0
MT,1949,0
MT,1950,0
MT,1951,0
MT,1952,0
MT,1953,1
MT,1954,0
MT,1955,1
MT,1956,0
MT,1957,0
MT,1958,0
MT,1959,1
MT,1960,1
MT,1961,0
MT,1962,0
MT,1963,1
MT,1964,2
MT,1965,2
MT,1966,2
MT,1967,0
MT,1968,1
MT,1969,4
MT,1970,2
MT,1971,0
MT,1972,3
MT,1973,0
MT,1974,1
MT,1975,2
MT,1976,2
MT,1977,2
MT,1978,2
MT,1979,1
MT,1980,0
MT,1981,0
MT,1982,4
MT,1983,1
MT,1984,3
MT,1985,0
MT,1986,4
MT,1987,3
MT,1988,0
MT,1989,1
MT,1990,4
MT,1991,2
MT,1992,3
MT,1993,5
MT,1994,2
MT,1995,17
MT,1996,4
MT,1997,12
MT,1998,20
MT,1999,23
MT,2000,14
MT,2001,17
MT,2002,20
MT,2003,19
MT,2004,26
MT,2005,29
MT,2006,26
MT,2007,20
MT,2008,19
MT,2009,32
MT,2010,32
MT,2011,49
MT,2012,73
MT,2013,52
MT,2014,55
MT,2015,60
MT,2016,49
MT,2017,50
MT,2018,30
MT,2019,61
MT,2020,55
MT,2021,6
MT,2022,31
MT,2023,0
NC,1920,0
NC,1921,0
NC,1922,0
NC,1923,0
NC,1924,0
NC,1925,0
NC,1926,0
NC,1927,0
NC,1928,0
NC,1929,0
NC,1930,1
NC,1931,0
NC,1932,0
NC,1933,0
NC,1934,0
NC,1935,0
NC,1936,0
NC,1937,0
NC,1938,0
NC,1939,0
NC,1940,0
NC,1941,0
NC,1942,0
NC,1943,0
NC,1944,0
NC,1945,1
NC,1946,0
NC,1947,0
NC,1948,0
NC,1949,0
NC,1950,0
NC,1951,1
NC,1952,0
NC,1953,0
NC,1954,0
NC,1955,1
NC,1956,0
NC,1957,0
NC,1958,1
NC,1959,1
NC,1960,3
NC,1961,2
NC,1962,3
NC,1963,2
NC,1964,0
NC,1965,2
NC,1966,4
NC,1967,5
NC,1968,6
NC,1969,1
NC,1970,2
NC,1971,3
NC,1972,9
NC,1973,11
NC,1974,10
NC,1975,8
NC,1976,5
NC,1977,9
NC,1978,8
NC,1979,10
NC,1980,3
NC,1981,5
NC,1982,12
NC,1983,4
NC,1984,2
NC,1985,9
NC,1986,10
NC,1987,9
NC,1988,5
NC,1989,11
NC,1990,6
NC,1991,6
NC,1992,7
NC,1993,8
NC,1994,11
NC,1995,20
NC,1996,12
NC,1997,25
NC,1998,39
NC,1999,54
NC,2000,29
NC,2001,62
NC,2002,66
NC,2003,81
NC,2004,84
NC,2005,102
NC,2006,74
NC,2007,109
NC,2008,133
NC,2009,123
NC,2010,132
NC,2011,194
NC,2012,248
NC,2013,197
NC,2014,281
NC,2015,184
NC,2016,218
NC,2017,146
NC,2018,107
NC,2019,163
NC,2020,137
NC,2021,100
NC,2022,133
NC,2023,0
ND,1920,0
ND,1921,0
ND,1922,0
ND,1923,0
ND,1924,0
ND,1925,0
ND,1926,0
ND,1927,0
ND,1928,0
ND,1929,0
ND,1930,0
ND,1931,0
ND,1932,0
ND,1933,0
ND,1934,1
ND,1935,0
ND,1936,0
ND,1937,0
ND,1938,0
ND,1939,0
ND,1940,0
ND,1941,0
ND,1942,0
ND,1943,0
ND,1944,0
ND,1945,0
ND,1946,0
ND,1947,1
ND,1948,0
ND,1949,0
ND,1950,0
ND,1951,0
ND,1952,0
ND,1953,0
ND,1954,0
ND,1955,0
ND,1956,0
ND,1957,0
ND,1958,2
ND,1959,0
ND,1960,1
ND,1961,1
ND,1962,0
ND,1963,0
ND,1964,0
ND,1965,0
ND,1966,0
ND,1967,0
ND,1968,2
ND,1969,0
ND,1970,1
ND,1971,0
ND,1972,0
ND,1973,0
ND,1974,1
ND,1975,1
ND,1976,2
ND,1977,2
ND,1978,3
ND,1979,1
ND,1980,0
ND,1981,0
ND,1982,0
ND,1983,2
ND,1984,0
ND,1985,0
ND,1986,0
ND,1987,0
ND,1988,0
ND,1989,0
ND,1990,3
ND,1991,1
ND,1992,0
ND,1993,0
ND,1994,0
ND,1995,8
ND,1996,7
ND,1997,2
ND,1998,5
ND,1999,6
ND,2000,5
ND,2001,6
ND,2002,4
ND,2003,9
ND,2004,9
ND,2005,4
ND,2006,9
ND,2007,6
ND,2008,10
ND,2009,9
ND,2010,5
ND,2011,12
ND,2012,12
ND,2013,7
ND,2014,11
ND,2015,11
ND,2016,12
ND,2017,9
ND,2018,8
ND,2019,18
ND,2020,25
ND,2021,9
ND,2022,3
ND,2023,0
NE,1920,0
NE,1921,0
NE,1922,0
NE,1923,0
NE,1924,0
NE,1925,0
NE,1926,0
NE,1927,0
NE,1928,0
NE,1929,0
NE,1930,0
NE,1931,0
NE,1932,0
NE,1933,0
NE,1934,0
NE,1935,0
NE,1936,0
NE,1937,0
NE,1938,0
NE,1939,0
NE,1940,0
NE,1941,0
NE,1942,0
NE,1943,1
NE,1944,0
NE,1945,0
NE,1946,0
NE,1947,0
NE,1948,0
NE,1949,0
NE,1950,0
NE,1951,0
NE,1952,0
NE,1953,1
NE,1954,0
NE,1955,0
NE,1956,1
NE,1957,0
NE,1958,3
NE,1959,1
NE,1960,1
NE,1961,1
NE,1962,0
NE,1963,0
NE,1964,2
NE,1965,2
NE,1966,3
NE,1967,2
NE,1968,2
NE,1969,1
NE,1970,0
NE,1971,0
NE,1972,1
NE,1973,0
NE,1974,0
NE,1975,1
NE,1976,2
NE,1977,1
NE,1978,0
NE,1979,3
NE,1980,5
NE,1981,3
NE,1982,2
NE,1983,2
NE,1984,2
NE,1985,3
NE,1986,1
NE,1987,1
NE,1988,1
NE,1989,0
NE,1990,3
NE,1991,2
NE,1992,1
NE,1993,3
NE,1994,2
NE,1995,5
NE,1996,2
NE,1997,8
NE,1998,10
NE,1999,9
NE,2000,14
NE,2001,19
NE,2002,19
NE,2003,27
NE,2004,36
NE,2005,13
NE,2006,24
NE,2007,29
NE,2008,18
NE,2009,26
NE,2010,38
NE,2011,27
NE,2012,47
NE,2013,29
NE,2014,26
NE,2015,23
NE,2016,16
NE,2017,25
NE,2018,21
NE,2019,30
NE,2020,34
NE,2021,15
NE,2022,15
NE,2023,0
NH,1920,0
NH,1921,0
NH,1922,0
NH,1923,0
NH,1924,0
NH,1925,0
NH,1926,0
NH,1927,0
NH,1928,0
NH,1929,0
NH,1930,0
NH,1931,0
NH,1932,0
NH,1933,0
NH,1934,0
NH,1935,0
NH,1936,0
NH,1937,0
NH,1938,0
NH,1939,0
NH,1940,0
NH,1941,0
NH,1942,0
NH,1943,0
NH,1944,0
NH,1945,0
NH,1946,0
NH,1947,0
NH,1948,0
NH,1949,0
NH,1950,0
NH,1951,0
NH,1952,0
NH,1953,0
NH,1954,0
NH,1955,0
NH,1956,1
NH,1957,1
NH,1958,0
NH,1959,1
NH,1960,0
NH,1961,0
NH,1962,1
NH,1963,0
NH,1964,0
NH,1965,4
NH,1966,2
NH,1967,1
NH,1968,1
NH,1969,1
NH,1970,3
NH,1971,1
NH,1972,1
NH,1973,1
NH,1974,1
NH,1975,2
NH,1976,4
NH,1977,10
NH,1978,8
NH,1979,1
NH,1980,4
NH,1981,2
NH,1982,0
NH,1983,1
NH,1984,1
NH,1985,2
NH,1986,1
NH,1987,3
NH,1988,3
NH,1989,3
NH,1990,3
NH,1991,5
NH,1992,4
NH,1993,2
NH,1994,0
NH,1995,6
NH,1996,2
NH,1997,8
NH,1998,11
NH,1999,15
NH,2000,14
NH,2001,20
NH,2002,25
NH,2003,25
NH,2004,19
NH,2005,41
NH,2006,15
NH,2007,31
NH,2008,34
NH,2009,26
NH,2010,26
NH,2011,33
NH,2012,80
NH,2013,66
NH,2014,95
NH,2015,86
NH,2016,53
NH,2017,53
NH,2018,37
NH,2019,77
NH,2020,86
NH,2021,30
NH,2022,41
NH,2023,0
NJ,1920,0
NJ,1921,0
NJ,1922,0
NJ,1923,0
NJ,1924,0
NJ,1925,0
NJ,1926,0
NJ,1927,0
NJ,1928,0
NJ,1929,0
NJ,1930,1
NJ,1931,0
NJ,1932,0
NJ,1933,0
NJ,1934,0
NJ,1935,0
NJ,1936,0
NJ,1937,0
NJ,1938,0
NJ,1939,0
NJ,1940,0
NJ,1941,0
NJ,1942,0
NJ,1943,0
NJ,1944,0
NJ,1945,0
NJ,1946,0
NJ,1947,0
NJ,1948,0
NJ,1949,0
NJ,1950,2
NJ,1951,0
NJ,1952,0
NJ,1953,1
NJ,1954,1
NJ,1955,1
NJ,1956,2
NJ,1957,3
NJ,1958,1
NJ,1959,1
NJ,1960,3
NJ,1961,1
NJ,1962,5
NJ,1963,2
NJ,1964,3
NJ,1965,6
NJ,1966,5
NJ,1967,5
NJ,1968,15
NJ,1969,2
NJ,1970,7
NJ,1971,2
NJ,1972,3
NJ,1973,7
NJ,1974,9
NJ,1975,10
NJ,1976,6
NJ,1977,2
NJ,1978,9
NJ,1979,12
NJ,1980,11
NJ,1981,6
NJ,1982,7
NJ,1983,6
NJ,1984,3
NJ,1985,7
NJ,1986,2
NJ,1987,4
NJ,1988,6
NJ,1989,6
NJ,1990,6
NJ,1991,7
NJ,1992,5
NJ,1993,4
NJ,1994,9
NJ,1995,19
NJ,1996,20
NJ,1997,24
NJ,1998,27
NJ,1999,41
NJ,2000,51
NJ,2001,69
NJ,2002,59
NJ,2003,76
NJ,2004,85
NJ,2005,86
NJ,2006,73
NJ,2007,68
NJ,2008,100
NJ,2009,117
NJ,2010,94
NJ,2011,91
NJ,2012,157
NJ,2013,167
NJ,2014,166
NJ,2015,130
NJ,2016,129
NJ,2017,118
NJ,2018,59
NJ,2019,191
NJ,2020,144
NJ,2021,75
NJ,2022,86
NJ,2023,0
NM,1920,0
NM,1921,0
NM,1922,0
NM,1923,0
NM,1924,0
NM,1925,0
NM,1926,0
NM,1927,0
NM,1928,0
NM,1929,1
NM,1930,0
NM,1931,0
NM,1932,0
NM,1933,0
NM,1934,0
NM,1935,0
NM,1936,0
NM,1937,0
NM,1938,0
NM,1939,0
NM,1940,0
NM,1941,0
NM,1942,0
NM,1943,0
NM,1944,2
NM,1945,2
NM,1946,0
NM,1947,2
NM,1948,0
NM,1949,0
NM,1950,0
NM,1951,2
NM,1952,0
NM,1953,1
NM,1954,1
NM,1955,0
NM,1956,0
NM,1957,0
NM,1958,0
NM,1959,3
NM,1960,0
NM,1961,0
NM,1962,1
NM,1963,0
NM,1964,0
NM,1965,4
NM,1966,4
NM,1967,2
NM,1968,0
NM,1969,1
NM,1970,1
NM,1971,1
NM,1972,2
NM,1973,3
NM,1974,3
NM,1975,4
NM,1976,3
NM,1977,6
NM,1978,6
NM,1979,3
NM,1980,3
NM,1981,3
NM,1982,1
NM,1983,2
NM,1984,4
NM,1985,2
NM,1986,3
NM,1987,2
NM,1988,7
NM,1989,4
NM,1990,3
NM,1991,8
NM,1992,3
NM,1993,5
NM,1994,9
NM,1995,13
NM,1996,10
NM,1997,24
NM,1998,27
NM,1999,35
NM,2000,36
NM,2001,29
NM,2002,44
NM,2003,45
NM,2004,39
NM,2005,33
NM,2006,63
NM,2007,49
NM,2008,58
NM,2009,49
NM,2010,38
NM,2011,35
NM,2012,70
NM,2013,87
NM,2014,110
NM,2015,76
NM,2016,78
NM,2017,83
NM,2018,60
NM,2019,88
NM,2020,82
NM,2021,47
NM,2022,49
NM,2023,0
NV,1920,0
NV,1921,0
NV,1922,0
NV,1923,0
NV,1924,0
NV,1925,0
NV,1926,0
NV,1927,0
NV,1928,0
NV,1929,0
NV,1930,0
NV,1931,0
NV,1932,0
NV,1933,0
NV,1934,0
NV,1935,0
NV,1936,0
NV,1937,0
NV,1938,0
NV,1939,0
NV,1940,0
NV,1941,0
NV,1942,0
NV,1943,0
NV,1944,0
NV,1945,0
NV,1946,0
NV,1947,1
NV,1948,0
NV,1949,0
NV,1950,0
NV,1951,0
NV,1952,1
NV,1953,0
NV,1954,0
NV,1955,0
NV,1956,0
NV,1957,0
NV,1958,0
NV,1959,1
NV,1960,0
NV,1961,0
NV,1962,0
NV,1963,0
NV,1964,3
NV,1965,2
NV,1966,1
NV,1967,2
NV,1968,4
NV,1969,1
NV,1970,1
NV,1971,1
NV,1972,1
NV,1973,1
NV,1974,0
NV,1975,6
NV,1976,2
NV,1977,2
NV,1978,2
NV,1979,1
NV,1980,2
NV,1981,5
NV,1982,4
NV,1983,7
NV,1984,1
NV,1985,2
NV,1986,2
NV,1987,5
NV,1988,4
NV,1989,3
NV,1990,3
NV,1991,4
NV,1992,7
NV,1993,3
NV,1994,9
NV,1995,31
NV,1996,18
NV,1997,28
NV,1998,30
NV,1999,53
NV,2000,39
NV,2001,50
NV,2002,42
NV,2003,38
NV,2004,49
NV,2005,55
NV,2006,41
NV,2007,57
NV,2008,70
NV,2009,48
NV,2010,50
NV,2011,52
NV,2012,86
NV,2013,53
NV,2014,98
NV,2015,110
NV,2016,64
NV,2017,57
NV,2018,58
NV,2019,70
NV,2020,93
NV,2021,34
NV,2022,42
NV,2023,0
NY,1920,0
NY,1921,0
NY,1922,0
NY,1923,0
NY,1924,0
NY,1925,0
NY,1926,0
NY,1927,0
NY,1928,0
NY,1929,0
NY,1930,1
NY,1931,0
NY,1932,0
NY,1933,1
NY,1934,0
NY,1935,0
NY,1936,0
NY,1937,0
NY,1938,0
NY,1939,0
NY,1940,0
NY,1941,0
NY,1942,0
NY,1943,0
NY,1944,0
NY,1945,0
NY,1946,1
NY,1947,3
NY,1948,1
NY,1949,0
NY,1950,2
NY,1951,1
NY,1952,4
NY,1953,1
NY,1954,7
NY,1955,2
NY,1956,2
NY,1957,8
NY,1958,4
NY,1959,6
NY,1960,5
NY,1961,4
NY,1962,5
NY,1963,7
NY,1964,4
NY,1965,18
NY,1966,13
NY,1967,15
NY,1968,8
NY,1969,11
NY,1970,21
NY,1971,5
NY,1972,8
NY,1973,9
NY,1974,14
NY,1975,25
NY,1976,16
NY,1977,16
NY,1978,24
NY,1979,19
NY,1980,11
NY,1981,6
NY,1982,12
NY,1983,17
NY,1984,19
NY,1985,22
NY,1986,10
NY,1987,17
NY,1988,20
NY,1989,23
NY,1990,15
NY,1991,21
NY,1992,14
NY,1993,22
NY,1994,29
NY,1995,50
NY,1996,28
NY,1997,55
NY,1998,69
NY,1999,107
NY,2000,122
NY,2001,149
NY,2002,151
NY,2003,159
NY,2004,183
NY,2005,162
NY,2006,122
NY,2007,172
NY,2008,211
NY,2009,205
NY,2010,180
NY,2011,249
NY,2012,381
NY,2013,257
NY,2014,332
NY,2015,301
NY,2016,215
NY,2017,187
NY,2018,116
NY,2019,192
NY,2020,291
NY,2021,195
NY,2022,199
NY,2023,0
OH,1920,0
OH,1921,0
OH,1922,0
OH,1923,0
OH,1924,0
OH,1925,0
OH,1926,0
OH,1927,0
OH,1928,0
OH,1929,0
OH,1930,0
OH,1931,0
OH,1932,0
OH,1933,0
OH,1934,0
OH,1935,0
OH,1936,0
OH,1937,0
OH,1938,0
OH,1939,0
OH,1940,0
OH,1941,0
OH,1942,0
OH,1943,0
OH,1944,0
OH,1945,0
OH,1946,0
OH,1947,1
OH,1948,0
OH,1949,1
OH,1950,1
OH,1951,0
OH,1952,1
OH,1953,1
OH,1954,1
OH,1955,1
OH,1956,6
OH,1957,4
OH,1958,1
OH,1959,5
OH,1960,3
OH,1961,3
OH,1962,3
OH,1963,3
OH,1964,4
OH,1965,9
OH,1966,16
OH,1967,12
OH,1968,12
OH,1969,6
OH,1970,4
OH,1971,3
OH,1972,10
OH,1973,19
OH,1974,16
OH,1975,11
OH,1976,19
OH,1977,13
OH,1978,10
OH,1979,6
OH,1980,9
OH,1981,8
OH,1982,8
OH,1983,5
OH,1984,10
OH,1985,8
OH,1986,8
OH,1987,7
OH,1988,10
OH,1989,5
OH,1990,6
OH,1991,6
OH,1992,10
OH,1993,14
OH,1994,30
OH,1995,32
OH,1996,27
OH,1997,30
OH,1998,69
OH,1999,127
OH,2000,79
OH,2001,99
OH,2002,94
OH,2003,115
OH,2004,131
OH,2005,87
OH,2006,101
OH,2007,116
OH,2008,132
OH,2009,130
OH,2010,128
OH,2011,156
OH,2012,270
OH,2013,362
OH,2014,277
OH,2015,213
OH,2016,155
OH,2017,150
OH,2018,107
OH,2019,212
OH,2020,243
OH,2021,106
OH,2022,137
OH,2023,0
OK,1920,0
OK,1921,0
OK,1922,0
OK,1923,0
OK,1924,0
OK,1925,0
OK,1926,0
OK,1927,0
OK,1928,0
OK,1929,0
OK,1930,0
OK,1931,0
OK,1932,0
OK,1933,0
OK,1934,0
OK,1935,0
OK,1936,0
OK,1937,0
OK,1938,0
OK,1939,0
OK,1940,0
OK,1941,0
OK,1942,0
OK,1943,0
OK,1944,0
OK,1945,0
OK,1946,0
OK,1947,2
OK,1948,0
OK,1949,0
OK,1950,0
OK,1951,2
OK,1952,0
OK,1953,1
OK,1954,0
OK,1955,1
OK,1956,2
OK,1957,0
OK,1958,3
OK,1959,0
OK,1960,0
OK,1961,4
OK,1962,3
OK,1963,2
OK,1964,3
OK,1965,5
OK,1966,1
OK,1967,4
OK,1968,4
OK,1969,2
OK,1970,2
OK,1971,1
OK,1972,3
OK,1973,3
OK,1974,5
OK,1975,3
OK,1976,3
OK,1977,3
OK,1978,2
OK,1979,2
OK,1980,5
OK,1981,7
OK,1982,1
OK,1983,1
OK,1984,0
OK,1985,2
OK,1986,3
OK,1987,5
OK,1988,7
OK,1989,6
OK,1990,4
OK,1991,1
OK,1992,1
OK,1993,3
OK,1994,1
OK,1995,8
OK,1996,10
OK,1997,7
OK,1998,17
OK,1999,25
OK,2000,35
OK,2001,51
OK,2002,27
OK,2003,48
OK,2004,33
OK,2005,44
OK,2006,34
OK,2007,40
OK,2008,55
OK,2009,40
OK,2010,36
OK,2011,54
OK,2012,95
OK,2013,80
OK,2014,93
OK,2015,73
OK,2016,45
OK,2017,51
OK,2018,44
OK,2019,67
OK,2020,92
OK,2021,33
OK,2022,49
OK,2023,0
OR,1920,0
OR,1921,0
OR,1922,0
OR,1923,0
OR,1924,0
OR,1925,0
OR,1926,0
OR,1927,0
OR,1928,0
OR,1929,1
OR,1930,0
OR,1931,0
OR,1932,0
OR,1933,0
OR,1934,0
OR,1935,0
OR,1936,0
OR,1937,0
OR,1938,0
OR,1939,0
OR,1940,0
OR,1941,0
OR,1942,0
OR,1943,0
OR,1944,0
OR,1945,0
OR,1946,0
OR,1947,0
OR,1948,0
OR,1949,1
OR,1950,2
OR,1951,0
OR,1952,0
OR,1953,0
OR,1954,1
OR,1955,0
OR,1956,1
OR,1957,0
OR,1958,1
OR,1959,0
OR,1960,2
OR,1961,1
OR,1962,1
OR,1963,1
OR,1964,2
OR,1965,4
OR,1966,5
OR,1967,7
OR,1968,4
OR,1969,4
OR,1970,1
OR,1971,2
OR,1972,3
OR,1973,3
OR,1974,4
OR,1975,2
OR,1976,5
OR,1977,7
OR,1978,7
OR,1979,5
OR,1980,6
OR,1981,8
OR,1982,1
OR,1983,3
OR,1984,3
OR,1985,6
OR,1986,3
OR,1987,4
OR,1988,1
OR,1989,7
OR,1990,6
OR,1991,5
OR,1992,6
OR,1993,3
OR,1994,11
OR,1995,69
OR,1996,28
OR,1997,37
OR,1998,58
OR,1999,106
OR,2000,99
OR,2001,114
OR,2002,94
OR,2003,94
OR,2004,92
OR,2005,108
OR,2006,83
OR,2007,111
OR,2008,94
OR,2009,79
OR,2010,84
OR,2011,114
OR,2012,176
OR,2013,187
OR,2014,228
OR,2015,214
OR,2016,167
OR,2017,126
OR,2018,99
OR,2019,132
OR,2020,239
OR,2021,94
OR,2022,92
OR,2023,0
PA,1920,0
PA,1921,0
PA,1922,0
PA,1923,0
PA,1924,0
PA,1925,0
PA,1926,0
PA,1927,0
PA,1928,0
PA,1929,0
PA,1930,0
PA,1931,0
PA,1932,0
PA,1933,0
PA,1934,0
PA,1935,0
PA,1936,0
PA,1937,0
PA,1938,0
PA,1939,0
PA,1940,0
PA,1941,0
PA,1942,0
PA,1943,0
PA,1944,0
PA,1945,0
PA,1946,0
PA,1947,3
PA,1948,1
PA,1949,0
PA,1950,2
PA,1951,2
PA,1952,5
PA,1953,2
PA,1954,4
PA,1955,3
PA,1956,2
PA,1957,3
PA,1958,1
PA,1959,1
PA,1960,5
PA,1961,4
PA,1962,2
PA,1963,2
PA,1964,3
PA,1965,21
PA,1966,14
PA,1967,8
PA,1968,10
PA,1969,11
PA,1970,5
PA,1971,4
PA,1972,6
PA,1973,14
PA,1974,9
PA,1975,15
PA,1976,14
PA,1977,11
PA,1978,17
PA,1979,12
PA,1980,6
PA,1981,5
PA,1982,6
PA,1983,5
PA,1984,7
PA,1985,9
PA,1986,5
PA,1987,4
PA,1988,13
PA,1989,7
PA,1990,7
PA,1991,10
PA,1992,12
PA,1993,7
PA,1994,15
PA,1995,40
PA,1996,36
PA,1997,40
PA,1998,48
PA,1999,71
PA,2000,74
PA,2001,77
PA,2002,134
PA,2003,88
PA,2004,137
PA,2005,105
PA,2006,127
PA,2007,152
PA,2008,193
PA,2009,165
PA,2010,171
PA,2011,186
PA,2012,295
PA,2013,305
PA,2014,379
PA,2015,244
PA,2016,203
PA,2017,177
PA,2018,95
PA,2019,233
PA,2020,314
PA,2021,140
PA,2022,194
PA,2023,0
RI,1920,0
RI,1921,0
RI,1922,0
RI,1923,0
RI,1924,0
RI,1925,0
RI,1926,0
RI,1927,0
RI,1928,0
RI,1929,0
RI,1930,0
RI,1931,0
RI,1932,0
RI,1933,0
RI,1934,0
RI,1935,0
RI,1936,0
RI,1937,0
RI,1938,0
RI,1939,0
RI,1940,0
RI,1941,0
RI,1942,0
RI,1943,0
RI,1944,1
RI,1945,0
RI,1946,0
RI,1947,0
RI,1948,0
RI,1949,0
RI,1950,0
RI,1951,0
RI,1952,1
RI,1953,0
RI,1954,0
RI,1955,0
RI,1956,1
RI,1957,0
RI,1958,1
RI,1959,0
RI,1960,0
RI,1961,0
RI,1962,0
RI,1963,0
RI,1964,1
RI,1965,1
RI,1966,1
RI,1967,1
RI,1968,1
RI,1969,0
RI,1970,2
RI,1971,1
RI,1972,0
RI,1973,0
RI,1974,1
RI,1975,3
RI,1976,3
RI,1977,3
RI,1978,1
RI,1979,2
RI,1980,0
RI,1981,1
RI,1982,3
RI,1983,1
RI,1984,0
RI,1985,0
RI,1986,0
RI,1987,1
RI,1988,0
RI,1989,1
RI,1990,1
RI,1991,0
RI,1992,1
RI,1993,1
RI,1994,0
RI,1995,3
RI,1996,6
RI,1997,5
RI,1998,8
RI,1999,5
RI,2000,9
RI,2001,10
RI,2002,6
RI,2003,11
RI,2004,19
RI,2005,15
RI,2006,15
RI,2007,14
RI,2008,17
RI,2009,17
RI,2010,20
RI,2011,20
RI,2012,50
RI,2013,37
RI,2014,38
RI,2015,49
RI,2016,33
RI,2017,29
RI,2018,19
RI,2019,33
RI,2020,27
RI,2021,15
RI,2022,15
RI,2023,0
SC,1920,0
SC,1921,0
SC,1922,0
SC,1923,0
SC,1924,0
SC,1925,0
SC,1926,0
SC,1927,0
SC,1928,0
SC,1929,0
SC,1930,0
SC,1931,0
SC,1932,0
SC,1933,0
SC,1934,0
SC,1935,0
SC,1936,0
SC,1937,0
SC,1938,0
SC,1939,1
SC,1940,0
SC,1941,0
SC,1942,0
SC,1943,0
SC,1944,0
SC,1945,0
SC,1946,0
SC,1947,0
SC,1948,0
SC,1949,1
SC,1950,0
SC,1951,0
SC,1952,0
SC,1953,0
SC,1954,1
SC,1955,1
SC,1956,0
SC,1957,0
SC,1958,0
SC,1959,1
SC,1960,1
SC,1961,2
SC,1962,2
SC,1963,0
SC,1964,2
SC,1965,2
SC,1966,1
SC,1967,3
SC,1968,3
SC,1969,5
SC,1970,0
SC,1971,3
SC,1972,4
SC,1973,2
SC,1974,5
SC,1975,8
SC,1976,2
SC,1977,2
SC,1978,4
SC,1979,4
SC,1980,1
SC,1981,3
SC,1982,2
SC,1983,3
SC,1984,2
SC,1985,3
SC,1986,4
SC,1987,0
SC,1988,5
SC,1989,3
SC,1990,3
SC,1991,6
SC,1992,3
SC,1993,4
SC,1994,2
SC,1995,12
SC,1996,5
SC,1997,11
SC,1998,26
SC,1999,13
SC,2000,15
SC,2001,21
SC,2002,27
SC,2003,62
SC,2004,47
SC,2005,51
SC,2006,37
SC,2007,78
SC,2008,46
SC,2009,68
SC,2010,70
SC,2011,117
SC,2012,185
SC,2013,158
SC,2014,260
SC,2015,109
SC,2016,97
SC,2017,110
SC,2018,77
SC,2019,115
SC,2020,118
SC,2021,41
SC,2022,63
SC,2023,0
SD,1920,0
SD,1921,0
SD,1922,0
SD,1923,0
SD,1924,0
SD,1925,0
SD,1926,0
SD,1927,0
SD,1928,0
SD,1929,0
SD,1930,0
SD,1931,0
SD,1932,0
SD,1933,0
SD,1934,0
SD,1935,0
SD,1936,0
SD,1937,0
SD,1938,0
SD,1939,0
SD,1940,0
SD,1941,0
SD,1942,0
SD,1943,0
SD,1944,0
SD,1945,0
SD,1946,0
SD,1947,0
SD,1948,0
SD,1949,0
SD,1950,0
SD,1951,0
SD,1952,0
SD,1953,0
SD,1954,0
SD,1955,0
SD,1956,1
SD,1957,0
SD,1958,0
SD,1959,0
SD,1960,0
SD,1961,0
SD,1962,0
SD,1963,3
SD,1964,0
SD,1965,0
SD,1966,3
SD,1967,0
SD,1968,4
SD,1969,0
SD,1970,0
SD,1971,0
SD,1972,0
SD,1973,1
SD,1974,0
SD,1975,0
SD,1976,2
SD,1977,0
SD,1978,1
SD,1979,1
SD,1980,0
SD,1981,1
SD,1982,0
SD,1983,1
SD,1984,1
SD,1985,0
SD,1986,0
SD,1987,1
SD,1988,0
SD,1989,0
SD,1990,0
SD,1991,0
SD,1992,2
SD,1993,1
SD,1994,4
SD,1995,6
SD,1996,2
SD,1997,4
SD,1998,8
SD,1999,3
SD,2000,7
SD,2001,5
SD,2002,8
SD,2003,8
SD,2004,13
SD,2005,8
SD,2006,8
SD,2007,14
SD,2008,8
SD,2009,13
SD,2010,14
SD,2011,17
SD,2012,26
SD,2013,20
SD,2014,21
SD,2015,17
SD,2016,23
SD,2017,18
SD,2018,11
SD,2019,15
SD,2020,15
SD,2021,7
SD,2022,20
SD,2023,0
State,1920,0
State,1921,0
State,1922,0
State,1923,0
State,1924,0
State,1925,0
State,1926,0
State,1927,0
State,1928,0
State,1929,0
State,1930,0
State,1931,0
State,1932,0
State,1933,0
State,1934,0
State,1935,0
State,1936,0
State,1937,0
State,1938,0
State,1939,0
State,1940,0
State,1941,0
State,1942,0
State,1943,0
State,1944,0
State,1945,0
State,1946,0
State,1947,0
State,1948,0
State,1949,0
State,1950,0
State,1951,0
State,1952,0
State,1953,0
State,1954,0
State,1955,0
State,1956,0
State,1957,0
State,1958,0
State,1959,0
State,1960,0
State,1961,0
State,1962,0
State,1963,0
State,1964,0
State,1965,0
State,1966,0
State,1967,0
State,1968,0
State,1969,0
State,1970,0
State,1971,0
State,1972,0
State,1973,0
State,1974,0
State,1975,0
State,1976,0
State,1977,0
State,1978,0
State,1979,0
State,1980,0
State,1981,0
State,1982,0
State,1983,0
State,1984,0
State,1985,0
State,1986,0
State,1987,0
State,1988,0
State,1989,0
State,1990,0
State,1991,0
State,1992,0
State,1993,0
State,1994,0
State,1995,0
State,1996,0
State,1997,0
State,1998,0
State,1999,0
State,2000,0
State,2001,0
State,2002,0
State,2003,0
State,2004,0
State,2005,0
State,2006,0
State,2007,0
State,2008,0
State,2009,0
State,2010,0
State,2011,0
State,2012,0
State,2013,0
State,2014,0
State,2015,0
State,2016,0
State,2017,0
State,2018,0
State,2019,0
State,2020,0
State,2021,0
State,2022,0
State,2023,0
TN,1920,0
TN,1921,0
TN,1922,0
TN,1923,0
TN,1924,0
TN,1925,0
TN,1926,0
TN,1927,0
TN,1928,0
TN,1929,0
TN,1930,0
TN,1931,0
TN,1932,0
TN,1933,0
TN,1934,0
TN,1935,0
TN,1936,0
TN,1937,0
TN,1938,0
TN,1939,0
TN,1940,1
TN,1941,0
TN,1942,1
TN,1943,0
TN,1944,0
TN,1945,0
TN,1946,0
TN,1947,0
TN,1948,0
TN,1949,1
TN,1950,0
TN,1951,0
TN,1952,0
TN,1953,1
TN,1954,0
TN,1955,1
TN,1956,2
TN,1957,0
TN,1958,0
TN,1959,0
TN,1960,1
TN,1961,2
TN,1962,0
TN,1963,1
TN,1964,5
TN,1965,1
TN,1966,0
TN,1967,5
TN,1968,2
TN,1969,2
TN,1970,3
TN,1971,1
TN,1972,3
TN,1973,6
TN,1974,4
TN,1975,3
TN,1976,5
TN,1977,2
TN,1978,9
TN,1979,2
TN,1980,6
TN,1981,2
TN,1982,6
TN,1983,0
TN,1984,2
TN,1985,2
TN,1986,4
TN,1987,2
TN,1988,1
TN,1989,6
TN,1990,5
TN,1991,5
TN,1992,3
TN,1993,5
TN,1994,10
TN,1995,25
TN,1996,13
TN,1997,13
TN,1998,30
TN,1999,58
TN,2000,39
TN,2001,46
TN,2002,52
TN,2003,50
TN,2004,81
TN,2005,51
TN,2006,60
TN,2007,63
TN,2008,101
TN,2009,72
TN,2010,72
TN,2011,99
TN,2012,128
TN,2013,125
TN,2014,150
TN,2015,109
TN,2016,114
TN,2017,92
TN,2018,49
TN,2019,130
TN,2020,105
TN,2021,52
TN,2022,89
TN,2023,0
TX,1920,0
TX,1921,0
TX,1922,0
TX,1923,0
TX,1924,0
TX,1925,0
TX,1926,0
TX,1927,0
TX,1928,0
TX,1929,0
TX,1930,0
TX,1931,0
TX,1932,0
TX,1933,0
TX,1934,0
TX,1935,0
TX,1936,0
TX,1937,0
TX,1938,0
TX,1939,0
TX,1940,0
TX,1941,0
TX,1942,0
TX,1943,0
TX,1944,0
TX,1945,1
TX,1946,1
TX,1947,2
TX,1948,1
TX,1949,4
TX,1950,3
TX,1951,0
TX,1952,4
TX,1953,5
TX,1954,6
TX,1955,4
TX,1956,3
TX,1957,11
TX,1958,5
TX,1959,2
TX,1960,4
TX,1961,7
TX,1962,5
TX,1963,4
TX,1964,5
TX,1965,12
TX,1966,13
TX,1967,11
TX,1968,16
TX,1969,10
TX,1970,9
TX,1971,8
TX,1972,17
TX,1973,24
TX,1974,13
TX,1975,22
TX,1976,19
TX,1977,16
TX,1978,24
TX,1979,14
TX,1980,16
TX,1981,7
TX,1982,11
TX,1983,10
TX,1984,15
TX,1985,17
TX,1986,15
TX,1987,16
TX,1988,14
TX,1989,16
TX,1990,15
TX,1991,17
TX,1992,20
TX,1993,19
TX,1994,15
TX,1995,45
TX,1996,46
TX,1997,76
TX,1998,99
TX,1999,147
TX,2000,146
TX,2001,139
TX,2002,175
TX,2003,187
TX,2004,200
TX,2005,214
TX,2006,226
TX,2007,210
TX,2008,363
TX,2009,257
TX,2010,226
TX,2011,265
TX,2012,266
TX,2013,245
TX,2014,306
TX,2015,185
TX,2016,159
TX,2017,126
TX,2018,92
TX,2019,239
TX,2020,302
TX,2021,139
TX,2022,168
TX,2023,0
UT,1920,0
UT,1921,0
UT,1922,0
UT,1923,0
UT,1924,0
UT,1925,0
UT,1926,0
UT,1927,0
UT,1928,0
UT,1929,0
UT,1930,0
UT,1931,0
UT,1932,0
UT,1933,0
UT,1934,0
UT,1935,0
UT,1936,0
UT,1937,0
UT,1938,0
UT,1939,0
UT,1940,0
UT,1941,0
UT,1942,0
UT,1943,0
UT,1944,1
UT,1945,0
UT,1946,0
UT,1947,0
UT,1948,0
UT,1949,0
UT,1950,1
UT,1951,1
UT,1952,0
UT,1953,0
UT,1954,0
UT,1955,0
UT,1956,0
UT,1957,1
UT,1958,1
UT,1959,0
UT,1960,0
UT,1961,1
UT,1962,1
UT,1963,1
UT,1964,2
UT,1965,1
UT,1966,0
UT,1967,1
UT,1968,3
UT,1969,1
UT,1970,1
UT,1971,0
UT,1972,3
UT,1973,4
UT,1974,2
UT,1975,2
UT,1976,2
UT,1977,1
UT,1978,2
UT,1979,2
UT,1980,5
UT,1981,2
UT,1982,3
UT,1983,1
UT,1984,3
UT,1985,2
UT,1986,1
UT,1987,2
UT,1988,1
UT,1989,3
UT,1990,2
UT,1991,1
UT,1992,3
UT,1993,1
UT,1994,4
UT,1995,15
UT,1996,8
UT,1997,22
UT,1998,21
UT,1999,33
UT,2000,35
UT,2001,25
UT,2002,43
UT,2003,43
UT,2004,25
UT,2005,29
UT,2006,23
UT,2007,36
UT,2008,28
UT,2009,36
UT,2010,40
UT,2011,57
UT,2012,112
UT,2013,94
UT,2014,79
UT,2015,78
UT,2016,92
UT,2017,73
UT,2018,60
UT,2019,81
UT,2020,108
UT,2021,35
UT,2022,40
UT,2023,0
VA,1920,0
VA,1921,0
VA,1922,0
VA,1923,0
VA,1924,0
VA,1925,0
VA,1926,0
VA,1927,0
VA,1928,0
VA,1929,0
VA,1930,0
VA,1931,0
VA,1932,0
VA,1933,0
VA,1934,0
VA,1935,0
VA,1936,0
VA,1937,0
VA,1938,0
VA,1939,0
VA,1940,0
VA,1941,0
VA,1942,0
VA,1943,0
VA,1944,0
VA,1945,2
VA,1946,0
VA,1947,1
VA,1948,0
VA,1949,0
VA,1950,1
VA,1951,0
VA,1952,2
VA,1953,0
VA,1954,3
VA,1955,0
VA,1956,1
VA,1957,0
VA,1958,0
VA,1959,0
VA,1960,1
VA,1961,0
VA,1962,1
VA,1963,3
VA,1964,4
VA,1965,6
VA,1966,2
VA,1967,0
VA,1968,4
VA,1969,2
VA,1970,3
VA,1971,1
VA,1972,2
VA,1973,5
VA,1974,5
VA,1975,9
VA,1976,7
VA,1977,2
VA,1978,4
VA,1979,6
VA,1980,7
VA,1981,2
VA,1982,5
VA,1983,8
VA,1984,5
VA,1985,6
VA,1986,5
VA,1987,2
VA,1988,5
VA,1989,7
VA,1990,6
VA,1991,2
VA,1992,8
VA,1993,7
VA,1994,5
VA,1995,25
VA,1996,15
VA,1997,22
VA,1998,31
VA,1999,38
VA,2000,26
VA,2001,61
VA,2002,64
VA,2003,67
VA,2004,53
VA,2005,75
VA,2006,67
VA,2007,70
VA,2008,100
VA,2009,82
VA,2010,75
VA,2011,100
VA,2012,149
VA,2013,204
VA,2014,184
VA,2015,149
VA,2016,121
VA,2017,103
VA,2018,73
VA,2019,196
VA,2020,107
VA,2021,61
VA,2022,76
VA,2023,0
VT,1920,0
VT,1921,0
VT,1922,0
VT,1923,0
VT,1924,0
VT,1925,0
VT,1926,0
VT,1927,0
VT,1928,0
VT,1929,0
VT,1930,0
VT,1931,0
VT,1932,0
VT,1933,0
VT,1934,0
VT,1935,0
VT,1936,0
VT,1937,0
VT,1938,0
VT,1939,0
VT,1940,0
VT,1941,0
VT,1942,0
VT,1943,0
VT,1944,0
VT,1945,0
VT,1946,0
VT,1947,0
VT,1948,0
VT,1949,0
VT,1950,0
VT,1951,0
VT,1952,0
VT,1953,0
VT,1954,0
VT,1955,0
VT,1956,0
VT,1957,0
VT,1958,2
VT,1959,0
VT,1960,0
VT,1961,0
VT,1962,0
VT,1963,0
VT,1964,2
VT,1965,0
VT,1966,0
VT,1967,0
VT,1968,0
VT,1969,1
VT,1970,2
VT,1971,0
VT,1972,1
VT,1973,0
VT,1974,1
VT,1975,1
VT,1976,2
VT,1977,3
VT,1978,0
VT,1979,2
VT,1980,0
VT,1981,1
VT,1982,1
VT,1983,2
VT,1984,0
VT,1985,1
VT,1986,0
VT,1987,2
VT,1988,2
VT,1989,1
VT,1990,0
VT,1991,0
VT,1992,1
VT,1993,1
VT,1994,1
VT,1995,2
VT,1996,1
VT,1997,3
VT,1998,3
VT,1999,5
VT,2000,7
VT,2001,10
VT,2002,14
VT,2003,8
VT,2004,9
VT,2005,16
VT,2006,11
VT,2007,22
VT,2008,15
VT,2009,24
VT,2010,13
VT,2011,23
VT,2012,57
VT,2013,66
VT,2014,37
VT,2015,47
VT,2016,23
VT,2017,20
VT,2018,22
VT,2019,23
VT,2020,34
VT,2021,16
VT,2022,22
VT,2023,0
WA,1920,0
WA,1921,0
WA,1922,0
WA,1923,0
WA,1924,0
WA,1925,0
WA,1926,0
WA,1927,0
WA,1928,0
WA,1929,0
WA,1930,0
WA,1931,0
WA,1932,0
WA,1933,0
WA,1934,0
WA,1935,0
WA,1936,0
WA,1937,0
WA,1938,0
WA,1939,0
WA,1940,0
WA,1941,0
WA,1942,0
WA,1943,0
WA,1944,0
WA,1945,0
WA,1946,1
WA,1947,3
WA,1948,1
WA,1949,2
WA,1950,2
WA,1951,3
WA,1952,7
WA,1953,4
WA,1954,1
WA,1955,1
WA,1956,0
WA,1957,2
WA,1958,3
WA,1959,2
WA,1960,7
WA,1961,2
WA,1962,8
WA,1963,4
WA,1964,4
WA,1965,5
WA,1966,13
WA,1967,10
WA,1968,8
WA,1969,5
WA,1970,4
WA,1971,10
WA,1972,7
WA,1973,9
WA,1974,15
WA,1975,15
WA,1976,12
WA,1977,7
WA,1978,16
WA,1979,9
WA,1980,14
WA,1981,6
WA,1982,9
WA,1983,3
WA,1984,5
WA,1985,7
WA,1986,8
WA,1987,6
WA,1988,10
WA,1989,8
WA,1990,10
WA,1991,7
WA,1992,13
WA,1993,19
WA,1994,25
WA,1995,239
WA,1996,111
WA,1997,87
WA,1998,143
WA,1999,237
WA,2000,201
WA,2001,218
WA,2002,212
WA,2003,244
WA,2004,246
WA,2005,191
WA,2006,173
WA,2007,220
WA,2008,199
WA,2009,231
WA,2010,276
WA,2011,301
WA,2012,426
WA,2013,317
WA,2014,373
WA,2015,275
WA,2016,228
WA,2017,208
WA,2018,174
WA,2019,242
WA,2020,369
WA,2021,193
WA,2022,163
WA,2023,0
WI,1920,0
WI,1921,0
WI,1922,0
WI,1923,0
WI,1924,0
WI,1925,0
WI,1926,0
WI,1927,0
WI,1928,0
WI,1929,0
WI,1930,0
WI,1931,0
WI,1932,0
WI,1933,0
WI,1934,0
WI,1935,0
WI,1936,0
WI,1937,0
WI,1938,0
WI,1939,0
WI,1940,0
WI,1941,0
WI,1942,0
WI,1943,0
WI,1944,0
WI,1945,0
WI,1946,0
WI,1947,2
WI,1948,0
WI,1949,0
WI,1950,1
WI,1951,0
WI,1952,2
WI,1953,0
WI,1954,0
WI,1955,0
WI,1956,0
WI,1957,1
WI,1958,1
WI,1959,3
WI,1960,2
WI,1961,0
WI,1962,1
WI,1963,1
WI,1964,1
WI,1965,4
WI,1966,2
WI,1967,5
WI,1968,2
WI,1969,0
WI,1970,0
WI,1971,2
WI,1972,3
WI,1973,7
WI,1974,4
WI,1975,9
WI,1976,5
WI,1977,5
WI,1978,2
WI,1979,4
WI,1980,4
WI,1981,2
WI,1982,4
WI,1983,3
WI,1984,4
WI,1985,5
WI,1986,1
WI,1987,12
WI,1988,5
WI,1989,5
WI,1990,11
WI,1991,3
WI,1992,7
WI,1993,9
WI,1994,6
WI,1995,24
WI,1996,14
WI,1997,22
WI,1998,37
WI,1999,80
WI,2000,51
WI,2001,85
WI,2002,49
WI,2003,66
WI,2004,53
WI,2005,65
WI,2006,40
WI,2007,58
WI,2008,70
WI,2009,62
WI,2010,65
WI,2011,114
WI,2012,156
WI,2013,177
WI,2014,147
WI,2015,131
WI,2016,120
WI,2017,87
WI,2018,42
WI,2019,134
WI,2020,137
WI,2021,38
WI,2022,71
WI,2023,0
WV,1920,0
WV,1921,0
WV,1922,0
WV,1923,0
WV,1924,0
WV,1925,0
WV,1926,0
WV,1927,0
WV,1928,0
WV,1929,0
WV,1930,0
WV,1931,0
WV,1932,0
WV,1933,0
WV,1934,0
WV,1935,0
WV,1936,0
WV,1937,0
WV,1938,0
WV,1939,0
WV,1940,0
WV,1941,0
WV,1942,0
WV,1943,0
WV,1944,2
WV,1945,0
WV,1946,0
WV,1947,0
WV,1948,1
WV,1949,1
WV,1950,1
WV,1951,0
WV,1952,0
WV,1953,0
WV,1954,1
WV,1955,0
WV,1956,2
WV,1957,2
WV,1958,0
WV,1959,3
WV,1960,0
WV,1961,1
WV,1962,0
WV,1963,0
WV,1964,1
WV,1965,2
WV,1966,4
WV,1967,2
WV,1968,2
WV,1969,0
WV,1970,0
WV,1971,4
WV,1972,0
WV,1973,2
WV,1974,4
WV,1975,2
WV,1976,1
WV,1977,1
WV,1978,2
WV,1979,4
WV,1980,3
WV,1981,0
WV,1982,3
WV,1983,2
WV,1984,1
WV,1985,3
WV,1986,3
WV,1987,1
WV,1988,3
WV,1989,4
WV,1990,0
WV,1991,0
WV,1992,2
WV,1993,0
WV,1994,2
WV,1995,5
WV,1996,8
WV,1997,10
WV,1998,10
WV,1999,28
WV,2000,12
WV,2001,23
WV,2002,25
WV,2003,18
WV,2004,24
WV,2005,24
WV,2006,16
WV,2007,26
WV,2008,32
WV,2009,38
WV,2010,21
WV,2011,30
WV,2012,63
WV,2013,58
WV,2014,62
WV,2015,55
WV,2016,32
WV,2017,23
WV,2018,15
WV,2019,38
WV,2020,48
WV,2021,18
WV,2022,29
WV,2023,0
WY,1920,0
WY,1921,0
WY,1922,0
WY,1923,0
WY,1924,0
WY,1925,0
WY,1926,0
WY,1927,0
WY,1928,0
WY,1929,0
WY,1930,0
WY,1931,0
WY,1932,0
WY,1933,0
WY,1934,0
WY,1935,0
WY,1936,0
WY,1937,0
WY,1938,0
WY,1939,0
WY,1940,0
WY,1941,0
WY,1942,0
WY,1943,0
WY,1944,0
WY,1945,0
WY,1946,0
WY,1947,0
WY,1948,0
WY,1949,1
WY,1950,0
WY,1951,1
WY,1952,0
WY,1953,0
WY,1954,0
WY,1955,0
WY,1956,1
WY,1957,0
WY,1958,1
WY,1959,0
WY,1960,0
WY,1961,0
WY,1962,1
WY,1963,0
WY,1964,0
WY,1965,1
WY,1966,1
WY,1967,2
WY,1968,0
WY,1969,0
WY,1970,1
WY,1971,1
WY,1972,1
WY,1973,1
WY,1974,0
WY,1975,1
WY,1976,2
WY,1977,0
WY,1978,1
WY,1979,0
WY,1980,1
WY,1981,0
WY,1982,0
WY,1983,0
WY,1984,1
WY,1985,2
WY,1986,0
WY,1987,3
WY,1988,0
WY,1989,3
WY,1990,0
WY,1991,0
WY,1992,1
WY,1993,4
WY,1994,4
WY,1995,1
WY,1996,3
WY,1997,2
WY,1998,9
WY,1999,14
WY,2000,7
WY,2001,17
WY,2002,16
WY,2003,9
WY,2004,6
WY,2005,11
WY,2006,11
WY,2007,9
WY,2008,12
WY,2009,5
WY,2010,13
WY,2011,21
WY,2012,14
WY,2013,17
WY,2014,21
WY,2015,20
WY,2016,16
WY,2017,19
WY,2018,15
WY,2019,21
WY,2020,27
WY,2021,4
WY,2022,15
WY,2023,0
